dataset,file,inner,density_param,t_input,seed,size_multi,bbox_mm,n_tris,watertight,winding_ok,euler,VF,SAV_x_cell,rel_surface,interior_vert_frac,curv_gauss_mean_xL2,curv_gauss_iqr_xL2,curv_mean_mean_xL,curv_mean_iqr_xL,curv_gauss_p99_xL2,curv_mean_p99_xL,thickness_med_mm,thickness_std_mm,thickness_hits,thickness_over_cell,thickness_ratio,fabric_l1,fabric_l2,fabric_l3,fabric_DA,fabric_aniso,normal_x,normal_y,normal_z,normal_spread,fabric_kept_frac,extract_s,status,Run,E_over_Es,G_over_Gs,nu_iso,TAI,Zener_Z,C11_n,C12_n,C44_n,Rho_rel,L_star_mm,bbox_over_Lstar,SAV_x_cell_star,rel_surface_star,curv_mean_mean_xL_star,curv_mean_iqr_xL_star,curv_mean_p99_xL_star,curv_gauss_mean_xL2_star,curv_gauss_iqr_xL2_star,curv_gauss_p99_xL2_star,thickness_over_cell_star,family,topology,element_order,group_key
ADMS,ADMS_DF_i15p0_d10p73_t0p2_s2_m1p6.stl,15.0,10.73,0.2,2,1.6,15.016,2174500,1,1,-42,0.05163,30.9559,1.5982,0.909,-1.40908,3.80705,-0.04606,4.40981,170.4947,31.0737,0.1984,0.0018,4000,0.06614,0.992,0.38115,0.31643,0.30242,1.26033,0.07873,0.33192,0.31627,0.35181,0.01454,0.986,10.1,OK,ADMS_DF_i15p0_d10p73_t0p2_s2_m1p6,0.00363,0.00375,0.2591,0.2852,0.648,0.00475,0.00095,0.0008150000000000001,0.0527,1.87705,7.9998,19.368584,0.999967,-0.028819,2.759144,19.44229,-0.551626,1.490382,66.745158,0.105708,ADMS,df,quadratic,ADMS|df|2
ADMS,ADMS_flow_i15p0_d12p75_t0p2_s2_m1p6.stl,15.0,12.75,0.2,2,1.6,15.016,2174596,1,1,-58,0.05309,30.8695,1.6389,0.929,-1.84896,4.96002,-0.06317,5.13725,157.1829,30.0846,0.1984,0.0019,4000,0.06613,0.992,0.41432,0.32758,0.2581,1.60526,0.15622,0.33418,0.32329,0.34253,0.00788,0.989,10.3,OK,ADMS_flow_i15p0_d12p75_t0p2_s2_m1p6,0.00233,0.00242,0.2503,0.3521,0.4795,0.0025900000000000003,0.000585,0.0007049999999999999,0.05410670511304311,1.83054,8.203,18.835939,1.000023,-0.038545,3.134645,18.357009,-0.688403,1.84671,58.522202,0.108378,ADMS,flow,quadratic,ADMS|flow|2
ADMS,ADMS_flow_i15p0_d14p77_t0p2_s2_m1p6.stl,15.0,14.77,0.2,2,1.6,15.013,2641688,1,1,-98,0.06471,30.8397,1.9955,0.93,-2.71514,6.44859,-0.09044,5.85811,174.1533,32.1495,0.1984,0.0021,4000,0.06614,0.992,0.37141,0.33609,0.2925,1.26979,0.07891,0.36373,0.29627,0.34,0.02794,0.989,12.6,OK,ADMS_flow_i15p0_d14p77_t0p2_s2_m1p6,0.00499,0.00507,0.2787,0.3738,0.3624,0.00703,0.0011250000000000001,0.001,0.06595960210901389,1.50328,9.9868,15.453562,0.999931,-0.045319,2.935459,16.109894,-0.681756,1.619204,43.728907,0.131991,ADMS,flow,quadratic,ADMS|flow|3
ADMS,ADMS_flow_i15p0_d16p79_t0p2_s2_m1p6.stl,15.0,16.79,0.2,2,1.6,15.014,2907068,1,1,-122,0.07053,30.8573,2.1763,0.925,-2.92,6.83437,-0.09918,5.90569,166.8351,31.5963,0.1985,0.0018,4000,0.06617,0.993,0.37954,0.34421,0.27626,1.37385,0.10328,0.37939,0.34419,0.27642,0.04273,0.989,14.0,OK,ADMS_flow_i15p0_d16p79_t0p2_s2_m1p6,0.00609,0.00609,0.2998,0.2297,0.4749,0.00937,0.0023,0.0014249999999999998,0.07173321457459421,1.37845,10.8919,14.178364,0.99997,-0.045571,2.713556,14.517921,-0.61648,1.442895,35.222795,0.14401,ADMS,flow,quadratic,ADMS|flow|3
ADMS,ADMS_DF_i15p0_d14p77_t0p2_s2_m1p6.stl,15.0,14.77,0.2,2,1.6,15.026,3098352,1,1,-130,0.07322,31.1299,2.2792,0.857,-2.88928,5.9739,-0.09616,5.53213,205.5843,34.8985,0.1986,0.002,4000,0.06618,0.993,0.36357,0.33643,0.3,1.2119,0.06357,0.33823,0.3333,0.32848,0.00398,0.97,15.0,OK,ADMS_DF_i15p0_d14p77_t0p2_s2_m1p6,0.00764,0.00806,0.2313,0.1239,1.0247,0.008035,0.0026550000000000002,0.0034100000000000003,0.075,1.31618,11.4164,13.657471,0.999942,-0.042188,2.427085,15.31085,-0.556128,1.149855,39.57082,0.150846,ADMS,df,quadratic,ADMS|df|3
ADMS,ADMS_DF_i15p0_d10p73_t0p3_s2_m1p6.stl,15.0,10.73,0.3,2,1.6,15.015,2189572,1,1,-42,0.07868,20.5549,1.6173,0.9,-1.41333,1.5993,-0.07193,2.81213,154.3081,30.8354,0.3014,0.0021,4000,0.10047,1.005,0.38138,0.31625,0.30238,1.26127,0.079,0.33194,0.3161,0.35196,0.01467,0.977,11.3,OK,ADMS_DF_i15p0_d10p73_t0p3_s2_m1p6,0.00765,0.00793,0.254,0.2706,0.706,0.00909,0.0019,0.00187,0.079,1.85499,8.0944,12.70971,1.000025,-0.044476,1.738824,19.066451,-0.540361,0.611463,58.996913,0.162486,ADMS,df,quadratic,ADMS|df|3
ADMS,ADMS_DF_i15p0_d20p83_t0p2_s1_m1p6.stl,15.0,20.83,0.2,1,1.6,15.028,4043860,1,1,-278,0.09565,31.0343,2.9683,0.877,-5.12835,9.30677,-0.16786,6.63574,239.5869,37.8053,0.1987,0.002,4000,0.06622,0.993,0.34749,0.33306,0.31944,1.08781,0.02805,0.33279,0.32835,0.33886,0.00431,0.976,19.8,OK,ADMS_DF_i15p0_d20p83_t0p2_s1_m1p6,0.0144,0.01474,0.2703,0.0778,0.9602,0.016565,0.00658,0.005575,0.0979,1.01063,14.8699,10.454783,0.999956,-0.056548,2.235437,12.735786,-0.582001,1.056197,27.19,0.196569,ADMS,df,quadratic,ADMS|df|4
ADMS,ADMS_raw_i15p0_d22p85_t0p2_s2_m1p6.stl,15.0,22.85,0.2,2,1.6,15.015,4124652,1,1,-282,0.09647,30.8462,2.9757,0.909,-4.66924,9.74106,-0.15756,6.61439,195.6339,34.4556,0.1988,0.0018,4000,0.06625,0.994,0.35295,0.32927,0.31778,1.11066,0.03517,0.32878,0.33476,0.33646,0.0033,0.987,21.7,OK,ADMS_raw_i15p0_d22p85_t0p2_s2_m1p6,0.01614,0.01634,0.2836,0.121,1.542,0.0195,0.0086,0.00701,0.09820107118899551,1.00815,14.8936,10.365917,0.999989,-0.052948,2.222777,11.578862,-0.527301,1.100065,22.093077,0.197142,ADMS,raw,quadratic,ADMS|raw|4
ADMS,ADMS_flow_i15p0_d26p89_t0p16_s2_m1p6.stl,15.0,26.89,0.16,2,1.6,15.023,5131732,1,1,-604,0.10077,37.8459,3.8138,0.919,-8.21376,18.69866,-0.23138,9.22769,296.6466,45.5267,0.1615,0.0034,4000,0.05382,1.009,0.36579,0.3412,0.29301,1.24837,0.07278,0.35014,0.34763,0.30223,0.02202,0.991,24.6,OK,ADMS_flow_i15p0_d26p89_t0p16_s2_m1p6,0.01386,0.01402,0.2856,0.1393,0.643,0.020135,0.00601,0.00414,0.1015307409518003,0.78663,19.0979,9.923588,1.000018,-0.06067,2.419596,11.937574,-0.564731,1.285613,20.395727,0.205255,ADMS,flow,quadratic,ADMS|flow|5
ADMS,ADMS_raw_i15p0_d30p93_t0p14_s2_m1p6.stl,15.0,30.93,0.14,2,1.6,15.017,5856236,1,1,-890,0.10085,42.2181,4.2575,0.912,-10.56164,23.27927,-0.26179,10.10211,369.0236,50.7164,0.1445,0.0036,4000,0.04818,1.032,0.35135,0.32619,0.32247,1.08955,0.02888,0.33266,0.33209,0.33525,0.00137,0.993,27.8,OK,ADMS_raw_i15p0_d30p93_t0p14_s2_m1p6,0.01797,0.01828,0.2784,0.0657,1.1619,0.02153,0.009399999999999999,0.007355,0.0991600384246924,0.70461,21.3125,9.915716,0.999954,-0.061486,2.372671,11.911702,-0.582616,1.284163,20.356587,0.205136,ADMS,raw,quadratic,ADMS|raw|4
ADMS,ADMS_DF_i15p0_d10p73_t0p4_s2_m1p6.stl,15.0,10.73,0.4,2,1.6,15.013,2201708,1,1,-42,0.10474,15.6061,1.6345,0.891,-1.41731,1.05632,-0.09523,2.00598,145.455,29.3206,0.4008,0.0049,4000,0.13359,1.002,0.38164,0.31607,0.30229,1.26248,0.07935,0.33198,0.31592,0.3521,0.0148,0.968,14.0,OK,ADMS_DF_i15p0_d10p73_t0p4_s2_m1p6,0.01257,0.01306,0.2508,0.2599,0.7541,0.014085,0.0030499999999999998,0.003265,0.1051,1.83533,8.18,9.547451,0.999949,-0.05826,1.227212,17.937665,-0.530458,0.39535,54.439577,0.218364,ADMS,df,quadratic,ADMS|df|5
ADMS,ADMS_raw_i15p0_d26p89_t0p18_s2_m1p6.stl,15.0,26.89,0.18,2,1.6,15.013,5034868,1,1,-550,0.10746,34.0973,3.6641,0.924,-8.00302,16.43721,-0.23964,8.38334,248.2055,40.4733,0.1791,0.0021,4000,0.05969,0.995,0.34523,0.33125,0.32352,1.06711,0.02171,0.32523,0.33855,0.33622,0.00581,0.99,22.8,OK,ADMS_raw_i15p0_d26p89_t0p18_s2_m1p6,0.0164,0.0166,0.2837,0.0345,1.0958,0.021015000000000002,0.00865,0.006455,0.1095064736332869,0.81876,18.3363,9.305788,1.000001,-0.065402,2.28797,11.045917,-0.596102,1.224319,18.487481,0.21871,ADMS,raw,quadratic,ADMS|raw|5
ADMS,ADMS_flow_i15p0_d12p75_t0p4_s2_m1p6.stl,15.0,12.75,0.4,2,1.6,15.014,2191652,1,1,-56,0.1076,15.4505,1.6625,0.915,-1.72968,1.86873,-0.13039,2.72771,136.571,28.5416,0.4009,0.0051,4000,0.13363,1.002,0.41499,0.32763,0.25738,1.61238,0.15761,0.33397,0.32337,0.34266,0.00789,0.974,13.9,OK,ADMS_flow_i15p0_d12p75_t0p4_s2_m1p6,0.00879,0.00917,0.2457,0.2802,0.5499,0.010845,0.002445,0.0030499999999999998,0.1080987927842356,1.80454,8.3201,9.29368,1.000016,-0.078431,1.640754,17.16815,-0.62583,0.67614,49.41387,0.222156,ADMS,flow,quadratic,ADMS|flow|5
ADMS,ADMS_DF_i15p0_d26p89_t0p17_s2_m1p6.stl,15.0,26.89,0.17,2,1.6,15.024,5413432,1,1,-728,0.11143,35.9616,4.0073,0.891,-9.57,20.45358,-0.27361,9.54283,314.2264,46.3323,0.1704,0.0025,4000,0.05679,1.002,0.3561,0.32763,0.31628,1.12591,0.03982,0.33622,0.32915,0.33463,0.00303,0.984,25.9,OK,ADMS_DF_i15p0_d26p89_t0p17_s2_m1p6,0.01905,0.01976,0.2534,0.088,0.8233,0.023929999999999996,0.007355,0.007105,0.1132940073213928,0.74865,20.0681,8.974244,1.000025,-0.06828,2.38142,11.56226,-0.595977,1.273758,19.568629,0.227569,ADMS,df,quadratic,ADMS|df|5
ADMS,ADMS_DF_i15p0_d14p77_t0p3_s2_m1p6.stl,15.0,14.77,0.3,2,1.6,15.018,3123316,1,1,-130,0.11161,20.7487,2.3157,0.844,-2.90038,3.28732,-0.15008,3.82372,189.9857,34.6898,0.3014,0.0022,4000,0.10047,1.005,0.36357,0.33677,0.29966,1.21326,0.06391,0.33884,0.33248,0.32868,0.00419,0.955,16.3,OK,ADMS_DF_i15p0_d14p77_t0p3_s2_m1p6,0.01625,0.017,0.2431,0.0882,1.0292,0.018965,0.006515,0.00715,0.112,1.29547,11.5927,8.959771,0.999973,-0.064808,1.651171,14.979861,-0.540838,0.612991,35.426881,0.232665,ADMS,df,quadratic,ADMS|df|5
ADMS,ADMS_raw_i15p0_d36p0_t0p14_s2_m1p6.stl,15.0,36.0,0.14,2,1.6,15.018,6678200,1,1,-1358,0.11598,42.077,4.88,0.924,-14.57263,29.40402,-0.35832,11.36211,375.7323,52.1439,0.1447,0.0035,4000,0.04825,1.034,0.34638,0.33171,0.32192,1.07598,0.02446,0.33721,0.32842,0.33438,0.00366,0.993,30.5,OK,ADMS_raw_i15p0_d36p0_t0p14_s2_m1p6,0.02151,0.02174,0.2859,0.0341,1.0088,0.0277,0.01089,0.008175,0.114332981111408,0.61474,24.4298,8.622176,0.999981,-0.073425,2.328258,10.685027,-0.611902,1.23467,15.77694,0.235464,ADMS,raw,quadratic,ADMS|raw|5
ADMS,ADMS_raw_i15p0_d26p89_t0p2_s2_m1p6.stl,15.0,26.89,0.2,2,1.6,15.014,5036192,1,1,-550,0.11945,30.6987,3.6671,0.922,-8.01067,15.2633,-0.26479,8.18934,237.5599,38.7142,0.1989,0.0021,4000,0.0663,0.995,0.34525,0.33126,0.32349,1.06725,0.02175,0.32521,0.33857,0.33622,0.00583,0.988,23.6,OK,ADMS_raw_i15p0_d26p89_t0p2_s2_m1p6,0.0197,0.01999,0.2813,0.0389,1.1249,0.024925000000000003,0.010284999999999999,0.007845,0.1216586732911484,0.81812,18.3518,8.371704,1.000038,-0.07221,2.233278,10.557574,-0.59574,1.135105,17.666921,0.243119,ADMS,raw,quadratic,ADMS|raw|6
ADMS,ADMS_DF_5cube_d12p75_r012.stl,,12.75,,,,15.014,2628400,1,1,-66,0.11953,16.049,1.9183,0.813,-1.76966,1.3688,-0.11525,2.14754,145.9307,29.3222,0.4007,0.0089,4000,0.13358,,0.36289,0.32705,0.31006,1.17038,0.05283,0.31198,0.3428,0.34522,0.01513,0.942,28.8,OK,ADMS_DF_5cube_d12p75_r012,0.0165,0.01703,0.2596,0.1655,1.2634,0.023174999999999998,0.009305,0.00865,0.12,1.56385,9.6007,8.366101,0.999981,-0.060078,1.11948,15.285219,-0.480884,0.371955,39.654901,0.256251,ADMS,df,quadratic,ADMS|df|6
ADMS,ADMS_DF_i15p0_d24p87_t0p2_s2_m1p6.stl,15.0,24.87,0.2,2,1.6,15.024,5095932,1,1,-554,0.12076,30.8563,3.7262,0.886,-7.95918,14.10972,-0.26292,7.93105,263.6416,40.5452,0.1988,0.0021,4000,0.06628,0.994,0.34601,0.33072,0.32327,1.07035,0.02274,0.33026,0.33754,0.3322,0.00308,0.982,25.5,OK,ADMS_DF_i15p0_d24p87_t0p2_s2_m1p6,0.02091,0.02186,0.2437,0.0876,1.0564,0.02496,0.009155,0.01002,0.1233,0.80511,18.6608,8.280888,0.999998,-0.07056,2.128451,10.881092,-0.573237,1.016212,18.988035,0.246973,ADMS,df,quadratic,ADMS|df|6
ADMS,ADMS_flow_i15p0_d26p89_t0p21_s2_m1p6.stl,15.0,26.89,0.21,2,1.6,15.021,5131620,1,1,-600,0.13077,29.209,3.8198,0.915,-8.19027,14.43982,-0.29417,8.26781,234.1027,38.1752,0.2091,0.0039,4000,0.0697,0.996,0.36594,0.34126,0.2928,1.24982,0.07315,0.35021,0.34771,0.30208,0.02212,0.986,24.0,OK,ADMS_flow_i15p0_d26p89_t0p21_s2_m1p6,0.02135,0.02172,0.2782,0.1175,0.7042,0.029474999999999998,0.009045,0.006715,0.1330169166205493,0.78541,19.125,7.647014,1.000036,-0.077015,2.16454,9.994395,-0.561369,0.98972,16.045631,0.26623,ADMS,flow,quadratic,ADMS|flow|6
ADMS,ADMS_DF_i15p0_d10p73_t0p5_s2_m1p6.stl,15.0,10.73,0.5,2,1.6,15.013,2212304,1,1,-42,0.13081,12.6115,1.6497,0.883,-1.42375,0.87241,-0.11936,1.66419,133.1007,28.4146,0.5006,0.0139,4000,0.16687,1.001,0.38199,0.31582,0.30218,1.26411,0.07981,0.33207,0.31564,0.35229,0.01499,0.959,16.7,OK,ADMS_DF_i15p0_d10p73_t0p5_s2_m1p6,0.01852,0.01932,0.2463,0.2513,0.796,0.01991,0.004395,0.00506,0.1313,1.8185,8.2557,7.644675,0.999994,-0.072352,1.008777,17.223994,-0.523141,0.320557,48.906317,0.275287,ADMS,df,quadratic,ADMS|df|6
ADMS,ADMS_flow_i15p0_d14p77_t0p4_s2_m1p6.stl,15.0,14.77,0.4,2,1.6,15.013,2656344,1,1,-98,0.13108,15.4104,2.0199,0.916,-2.74096,3.02561,-0.18501,3.43001,151.6647,30.6413,0.4009,0.0032,4000,0.13364,1.002,0.37184,0.33599,0.29218,1.27264,0.07966,0.36412,0.29596,0.33992,0.02821,0.975,15.8,OK,ADMS_flow_i15p0_d14p77_t0p4_s2_m1p6,0.01592,0.01638,0.2629,0.3154,0.4523,0.020815,0.0038250000000000003,0.00385,0.1314438197306285,1.48515,10.1087,7.628929,0.999953,-0.091589,1.698029,15.168996,-0.671741,0.741502,37.169252,0.269952,ADMS,flow,quadratic,ADMS|flow|6
ADMS,ADMS_raw_i15p0_d42p0_t0p14_s2_m1p6.stl,15.0,42.0,0.14,2,1.6,15.017,7901440,1,1,-2216,0.13702,41.9806,5.7523,0.912,-19.72164,35.4004,-0.48699,12.35457,375.3014,53.1613,0.1447,0.0036,4000,0.04824,1.034,0.34927,0.32785,0.32288,1.08175,0.02639,0.32791,0.33703,0.33506,0.00392,0.993,36.8,OK,ADMS_raw_i15p0_d42p0_t0p14_s2_m1p6,0.02934,0.02996,0.2728,0.0344,1.0858,0.036735000000000004,0.01431,0.012075,0.1348735413400159,0.52154,28.7936,7.298205,1.000021,-0.084662,2.147806,9.241937,-0.596043,1.069899,11.342662,0.277485,ADMS,raw,quadratic,ADMS|raw|6
ADMS,ADMS_raw_i15p0_d30p93_t0p2_s2_m1p6.stl,15.0,30.93,0.2,2,1.6,15.015,5851304,1,1,-890,0.13913,30.6537,4.2649,0.907,-10.6074,18.65299,-0.35683,8.97451,260.1882,40.9638,0.199,0.0021,4000,0.06632,0.995,0.35146,0.32614,0.3224,1.09013,0.02906,0.33268,0.33204,0.33527,0.0014,0.987,27.3,OK,ADMS_raw_i15p0_d30p93_t0p2_s2_m1p6,0.03004,0.03058,0.277,0.0664,1.1955,0.03574,0.015625,0.012475,0.1415869144663149,0.70342,21.3457,7.187522,1.000012,-0.083668,2.104297,9.604982,-0.583179,1.025513,14.304748,0.282845,ADMS,raw,quadratic,ADMS|raw|7
ADMS,ADMS_raw_i12p0_d22p85_t0p28_s2_m1p6.stl,12.0,22.85,0.28,2,1.6,12.013,2190912,1,1,-178,0.14213,21.9096,3.114,0.905,-5.69349,8.64813,-0.27501,5.82663,219.2342,38.0165,0.2819,0.0026,4000,0.09398,1.007,0.34833,0.33112,0.32055,1.08665,0.02778,0.33042,0.33299,0.33659,0.00253,0.977,11.9,OK,ADMS_raw_i12p0_d22p85_t0p28_s2_m1p6,0.02247,0.02326,0.2557,0.1929,1.3303,0.026035,0.012365,0.010089999999999998,0.142656270668112,0.96339,12.4695,7.035812,0.999996,-0.088314,1.871101,12.208208,-0.587135,0.891829,22.608299,0.292655,ADMS,raw,quadratic,ADMS|raw|7
ADMS,ADMS_flow_i15p0_d26p89_t0p23_s2_m1p6.stl,15.0,26.89,0.23,2,1.6,15.019,5130860,1,1,-602,0.14408,26.5243,3.8215,0.914,-8.23309,14.1818,-0.3237,8.11939,237.9044,38.5597,0.2302,0.005,4000,0.07675,1.001,0.366,0.34129,0.29272,1.25034,0.07328,0.35026,0.34771,0.30203,0.02216,0.985,24.5,OK,ADMS_flow_i15p0_d26p89_t0p23_s2_m1p6,0.02495,0.02542,0.2758,0.1111,0.7228,0.03391,0.01047,0.007940000000000001,0.1456515132871993,0.78501,19.1322,6.940589,0.999968,-0.084702,2.124593,10.08988,-0.563725,0.971038,16.28948,0.293309,ADMS,flow,quadratic,ADMS|flow|7
ADMS,ADMS_DF_5cube_d20p83_t0p30_s2.stl,,20.83,0.30,2,,15.019,4065148,1,1,-282,0.14571,20.6412,3.0077,0.866,-5.17399,6.70786,-0.26073,5.14315,218.8209,37.6615,0.3016,0.0024,4000,0.10054,1.005,0.34767,0.33309,0.31925,1.08902,0.02842,0.33291,0.32818,0.33892,0.00439,0.963,21.0,OK,ADMS_DF_5cube_d20p83_t0p30_s2,0.02945,0.03021,0.2672,0.0618,1.0315,0.034155000000000005,0.01398,0.012415,0.1463,0.99746,15.0572,6.862947,1.000024,-0.08669,1.710035,12.521989,-0.571975,0.741541,24.190241,0.302387,ADMS,df,quadratic,ADMS|df|7
ADMS,ADMS_DF_i15p0_d14p77_t0p4_s2_m1p6.stl,15.0,14.77,0.4,2,1.6,15.014,3138052,1,1,-130,0.14836,15.7918,2.3429,0.833,-2.91736,2.6414,-0.20018,3.03466,175.2093,32.8997,0.4009,0.0089,4000,0.13362,1.002,0.3638,0.33681,0.29939,1.21512,0.06441,0.33934,0.33222,0.32844,0.00452,0.942,17.7,OK,ADMS_DF_i15p0_d14p77_t0p4_s2_m1p6,0.02657,0.02765,0.2492,0.0827,1.0232,0.03257,0.01134,0.011519999999999999,0.149,1.28048,11.7253,6.740361,1.000012,-0.085442,1.295274,14.042469,-0.531488,0.481213,31.919805,0.313054,ADMS,df,quadratic,ADMS|df|7
ADMS,ADMS_DF_i15p0_d30p93_t0p2_s2_m1p6.stl,15.0,30.93,0.2,2,1.6,15.027,6142760,1,1,-1036,0.14838,30.7124,4.5572,0.895,-12.39671,21.93747,-0.41453,9.8398,300.5417,44.202,0.199,0.0024,4000,0.06632,0.995,0.35554,0.32673,0.31773,1.11899,0.03781,0.33321,0.33886,0.32793,0.00447,0.981,31.1,OK,ADMS_DF_i15p0_d30p93_t0p2_s2_m1p6,0.03117,0.03183,0.2731,0.0809,0.8377,0.039514999999999995,0.01322,0.01083,0.1517,0.65831,22.8266,6.739453,1.000021,-0.090963,2.159221,9.699577,-0.596937,1.056351,14.471931,0.302227,ADMS,df,quadratic,ADMS|df|7
ADMS,ADMS_raw_i15p0_d36p0_t0p19_s2_m1p6.stl,15.0,36.0,0.19,2,1.6,15.021,6665940,1,1,-1360,0.15168,32.1545,4.8772,0.92,-14.64657,25.48018,-0.46761,10.44546,268.8129,42.5765,0.1889,0.0021,4000,0.06297,0.994,0.34645,0.3317,0.32184,1.07646,0.02461,0.33723,0.32839,0.33437,0.00368,0.989,32.1,OK,ADMS_raw_i15p0_d36p0_t0p19_s2_m1p6,0.03316,0.03368,0.2799,0.0333,1.0513,0.041815,0.0163,0.01291,0.1549168893506589,0.61511,24.42,6.592827,1.000001,-0.095877,2.141694,8.729711,-0.615738,1.07118,11.30082,0.307117,ADMS,raw,quadratic,ADMS|raw|7
ADMS,ADMS_DF_i15p0_d10p73_t0p6_s2_m1p6.stl,15.0,10.73,0.6,2,1.6,15.012,2220640,1,1,-42,0.15677,10.6098,1.6633,0.874,-1.43136,0.92198,-0.14379,1.72829,122.4525,27.2871,0.6006,0.0285,4000,0.20022,1.001,0.38244,0.31552,0.30204,1.26619,0.0804,0.33216,0.31529,0.35255,0.01523,0.949,19.4,OK,ADMS_DF_i15p0_d10p73_t0p6_s2_m1p6,0.02573,0.02692,0.2424,0.2549,0.8328,0.0264,0.006025,0.007365,0.1572,1.80365,8.3231,6.378771,1.000001,-0.086449,1.039074,16.405415,-0.517379,0.333258,44.261624,0.333026,ADMS,df,quadratic,ADMS|df|7
ADMS,ADMS_raw_i15p0_d22p85_t0p33_s2_m1p6.stl,15.0,22.85,0.33,2,1.6,15.014,4132896,1,1,-282,0.16086,18.6438,2.999,0.898,-4.71003,6.86348,-0.26704,4.91625,171.7713,33.4933,0.3308,0.0021,4000,0.11025,1.002,0.35312,0.32924,0.31763,1.11173,0.03549,0.32873,0.3348,0.33648,0.00333,0.975,21.2,OK,ADMS_raw_i15p0_d22p85_t0p33_s2_m1p6,0.03671,0.03727,0.2804,0.1164,1.5364,0.04471,0.01975,0.01633,0.1614550434948159,1.00032,15.0092,6.216586,0.999986,-0.089042,1.639274,11.168001,-0.523671,0.763096,19.097899,0.330644,ADMS,raw,quadratic,ADMS|raw|8
ADMS,ADMS_flow_i15p0_d12p75_t0p6_s2_m1p6.stl,15.0,12.75,0.6,2,1.6,15.012,2196420,1,1,-48,0.16097,10.4285,1.6787,0.901,-1.53543,1.67423,-0.18218,2.45428,117.3667,26.7358,0.6008,0.0192,4000,0.20026,1.001,0.41602,0.32774,0.25624,1.62357,0.15978,0.33332,0.32349,0.34319,0.00804,0.96,18.1,OK,ADMS_flow_i15p0_d12p75_t0p6_s2_m1p6,0.01751,0.01834,0.2413,0.2594,0.5832,0.02257,0.00484,0.00626,0.1613495340002566,1.78712,8.4001,6.212338,1.000015,-0.108526,1.462033,15.926722,-0.544874,0.59413,41.649646,0.336172,ADMS,flow,quadratic,ADMS|flow|8
ADMS,ADMS_flow_i15p0_d18p81_t0p4_s2_m1p6.stl,15.0,18.81,0.4,2,1.6,15.014,3282904,1,1,-178,0.16129,15.3399,2.4741,0.913,-4.09253,5.43385,-0.27569,4.54185,170.1191,32.7974,0.401,0.0101,4000,0.13367,1.003,0.37205,0.3192,0.30875,1.20502,0.0633,0.31581,0.32279,0.36141,0.02006,0.974,18.4,OK,ADMS_flow_i15p0_d18p81_t0p4_s2_m1p6,0.02159,0.02225,0.2612,0.2463,0.5633,0.03596,0.00624,0.007435000000000001,0.1617194109218221,1.21253,12.3824,6.200012,0.999971,-0.111427,1.835705,13.255907,-0.668547,0.887662,27.790294,0.330723,ADMS,flow,quadratic,ADMS|flow|8
ADMS,ADMS_DF_5cube_d18p81_r018.stl,,18.81,,,,15.015,3498252,1,1,-200,0.16813,15.7246,2.6437,0.849,-4.37989,4.87986,-0.2872,4.11306,197.7271,35.226,0.4011,0.0084,4000,0.1337,,0.36259,0.33084,0.30657,1.18273,0.05602,0.33065,0.3293,0.34005,0.00478,0.949,26.0,OK,ADMS_DF_5cube_d18p81_r018,0.03218,0.03361,0.2449,0.111,0.8111,0.04287,0.011014999999999999,0.01122,0.18,1.13474,13.2321,5.947779,0.999971,-0.108632,1.555751,13.324119,-0.626633,0.698164,28.288932,0.353473,ADMS,df,quadratic,ADMS|df|9
ADMS,ADMS_raw_i15p0_d42p0_t0p18_s2_m1p6.stl,15.0,42.0,0.18,2,1.6,15.014,7872984,1,1,-2216,0.17005,33.7772,5.7439,0.908,-19.84763,32.4053,-0.60682,11.64922,285.4707,45.243,0.1795,0.0024,4000,0.05984,0.997,0.34936,0.32783,0.32281,1.08224,0.02655,0.32787,0.33703,0.3351,0.00394,0.989,37.2,OK,ADMS_raw_i15p0_d42p0_t0p18_s2_m1p6,0.04115,0.04213,0.27,0.0389,1.1084,0.05122,0.019855,0.017165,0.173118672011776,0.5223,28.7459,5.880623,1.000015,-0.105648,2.028134,7.876823,-0.6016,0.982235,8.652886,0.34371,ADMS,raw,quadratic,ADMS|raw|8
ADMS,ADMS_flow_i15p0_d30p93_t0p24_s2_m1p6.stl,15.0,30.93,0.24,2,1.6,15.019,5792276,1,1,-872,0.17033,25.2959,4.3087,0.913,-10.95525,17.64956,-0.4449,8.92221,246.6335,39.7874,0.2411,0.0041,4000,0.08035,1.004,0.35467,0.32923,0.3161,1.12199,0.03856,0.33539,0.33624,0.32838,0.00352,0.984,28.1,OK,ADMS_flow_i15p0_d30p93_t0p24_s2_m1p6,0.03348,0.03422,0.2717,0.0838,0.7866,0.044825,0.014530000000000001,0.011859999999999999,0.1717327793848921,0.69627,21.5707,5.870956,1.000011,-0.103257,2.070767,9.234306,-0.590119,0.950717,13.285243,0.3462,ADMS,flow,quadratic,ADMS|flow|8
ADMS,ADMS_DF_i15p0_d30p93_t0p23_s2_m1p6.stl,15.0,30.93,0.23,2,1.6,15.024,6137502,1,1,-1036,0.17209,26.5099,4.5622,0.891,-12.463,21.42664,-0.48232,9.62841,308.5133,44.6994,0.2307,0.003,4000,0.07689,1.003,0.35564,0.32672,0.31765,1.1196,0.03799,0.33316,0.33894,0.32789,0.00451,0.977,30.0,OK,ADMS_DF_i15p0_d30p93_t0p23_s2_m1p6,0.03945,0.04038,0.2701,0.0731,0.8572,0.049615,0.01654,0.01391,0.1741224580782082,0.65759,22.8471,5.810913,1.000024,-0.105724,2.110527,9.798012,-0.598818,1.029501,14.823353,0.350779,ADMS,df,quadratic,ADMS|df|8
ADMS,ADMS_flow_i9p0_d26p89_t0p33_s2_m1p6.stl,9.0,26.89,0.33,2,1.6,9.016,953268,1,1,-96,0.17781,18.7017,3.3253,0.905,-7.58249,11.70836,-0.41188,6.88828,226.4013,38.809,0.3311,0.017,4000,0.11036,1.003,0.36724,0.34127,0.29149,1.25987,0.07575,0.33064,0.36313,0.30623,0.02331,0.966,6.5,OK,ADMS_flow_i9p0_d26p89_t0p33_s2_m1p6,0.02295,0.02367,0.2604,0.3269,0.5341,0.043899999999999995,0.006095000000000001,0.006005,0.1791065475294222,0.90216,9.9938,5.623981,0.999985,-0.123861,2.071446,11.670654,-0.685705,1.058819,20.474079,0.366986,ADMS,flow,quadratic,ADMS|flow|8
ADMS,ADMS_raw_i12p0_d30p93_t0p26_s2_m1p6.stl,12.0,30.93,0.26,2,1.6,12.015,2962908,1,1,-430,0.1806,23.4196,4.2297,0.903,-10.15827,17.10542,-0.45177,8.33089,256.275,41.3417,0.2622,0.0027,4000,0.0874,1.008,0.34282,0.33866,0.31852,1.07632,0.02431,0.3393,0.33437,0.32633,0.00535,0.978,16.4,OK,ADMS_raw_i12p0_d30p93_t0p26_s2_m1p6,0.04276,0.04382,0.2685,0.0885,1.2203,0.045884999999999995,0.020489999999999998,0.017995,0.1813604284037843,0.70929,16.9395,5.537099,1.000028,-0.106812,1.969673,9.774423,-0.567839,0.956179,14.325566,0.369665,ADMS,raw,quadratic,ADMS|raw|9
ADMS,ADMS_raw_i15p0_d26p89_t0p3_s2_m1p6.stl,15.0,26.89,0.3,2,1.6,15.014,5021760,1,1,-550,0.18122,20.2519,3.67,0.914,-8.10329,12.76336,-0.40963,7.00674,217.5706,38.6003,0.3017,0.0024,4000,0.10057,1.006,0.34539,0.33123,0.32338,1.06804,0.022,0.32512,0.33863,0.33625,0.00589,0.98,25.0,OK,ADMS_raw_i15p0_d26p89_t0p3_s2_m1p6,0.03892,0.03982,0.2707,0.046,1.1623,0.04763,0.019125,0.015985,0.1817199757519607,0.81743,18.3673,5.518155,0.999987,-0.111614,1.909168,10.517652,-0.601614,0.947592,16.15312,0.369097,ADMS,raw,quadratic,ADMS|raw|9
ADMS,ADMS_DF_i15p0_d10p73_t0p7_s2_m1p6.stl,15.0,10.73,0.7,2,1.6,15.012,2227108,1,1,-42,0.18258,9.1774,1.6756,0.865,-1.44206,0.95485,-0.16816,1.75793,113.4731,26.5862,0.7007,0.0376,4000,0.23356,1.001,0.38288,0.31527,0.30184,1.26848,0.08104,0.3322,0.31504,0.35276,0.01542,0.94,21.9,OK,ADMS_DF_i15p0_d10p73_t0p7_s2_m1p6,0.034,0.03565,0.2397,0.2699,0.8572,0.033170000000000005,0.007935,0.010105,0.1829,1.79039,8.3848,5.477051,0.999994,-0.100358,1.049129,15.866583,-0.513615,0.340087,40.415429,0.391355,ADMS,df,quadratic,ADMS|df|9
ADMS,ADMS_DF_i15p0_d24p87_t0p3_s2_m1p6.stl,15.0,24.87,0.3,2,1.6,15.018,5093488,1,1,-556,0.1836,20.424,3.7498,0.875,-8.03977,11.58462,-0.40664,6.62926,239.8846,40.0121,0.3019,0.0025,4000,0.10063,1.006,0.34617,0.33065,0.32317,1.07117,0.023,0.33028,0.33757,0.33215,0.00309,0.97,27.5,OK,ADMS_DF_i15p0_d24p87_t0p3_s2_m1p6,0.04229,0.04399,0.2496,0.0778,1.0773,0.051815,0.019335,0.019735,0.1843,0.80003,18.7718,5.446623,0.999988,-0.108442,1.767875,10.67033,-0.571764,0.823863,17.059858,0.377347,ADMS,df,quadratic,ADMS|df|9
ADMS,ADMS_DF_i15p0_d14p77_t0p5_s2_m1p6.stl,15.0,14.77,0.5,2,1.6,15.013,3146644,1,1,-130,0.18495,12.7867,2.3649,0.821,-2.94111,2.43716,-0.25404,2.72742,162.0153,31.852,0.5007,0.0223,4000,0.16691,1.001,0.36417,0.33679,0.29904,1.21777,0.06512,0.33982,0.33218,0.328,0.0049,0.929,21.5,OK,ADMS_DF_i15p0_d14p77_t0p5_s2_m1p6,0.03869,0.0402,0.2511,0.0773,1.0184,0.04797,0.016675,0.01652,0.185510575679701,1.26855,11.8348,5.406867,1.0,-0.107421,1.153292,13.468645,-0.525879,0.435771,28.968793,0.394725,ADMS,df,quadratic,ADMS|df|9
ADMS,ADMS_DF_i12p0_d20p83_t0p4_s2_m1p6.stl,12.0,20.83,0.4,2,1.6,12.015,2040984,1,1,-118,0.18545,16.0068,2.9685,0.829,-5.16347,6.25517,-0.34404,4.56937,197.8078,35.388,0.4011,0.0194,4000,0.1337,1.003,0.36601,0.32332,0.31067,1.17813,0.05534,0.31516,0.33222,0.35262,0.01531,0.937,13.2,OK,ADMS_DF_i12p0_d20p83_t0p4_s2_m1p6,0.03709,0.03857,0.25,0.1063,1.0294,0.050255,0.0152,0.01724,0.1864,1.01062,11.8887,5.392289,1.000013,-0.115898,1.539306,11.921329,-0.585975,0.709866,22.448157,0.396883,ADMS,df,quadratic,ADMS|df|9
ADMS,ADMS_DF_i12p0_d26p89_t0p31_s2_m1p6.stl,12.0,26.89,0.31,2,1.6,12.027,2594424,1,1,-286,0.18738,20.0801,3.7626,0.861,-8.57623,12.14621,-0.44434,6.68896,239.1956,39.9892,0.3115,0.0057,4000,0.10383,1.005,0.34263,0.33258,0.32479,1.05491,0.01784,0.33966,0.32707,0.33326,0.00514,0.957,13.5,OK,ADMS_DF_i12p0_d26p89_t0p31_s2_m1p6,0.04332,0.0448,0.257,0.0599,1.0245,0.049714999999999995,0.01811,0.01744,0.1883919113200582,0.79732,15.0843,5.336749,0.999998,-0.118094,1.777745,10.628051,-0.605785,0.857951,16.895653,0.390672,ADMS,df,quadratic,ADMS|df|9
ADMS,ADMS_raw_i9p0_d26p89_t0p34_s2_m1p6.stl,9.0,26.89,0.34,2,1.6,9.014,1018416,1,1,-104,0.1896,18.3829,3.4853,0.89,-8.13397,12.27604,-0.46889,6.68381,213.9328,37.7695,0.341,0.0057,4000,0.11368,1.003,0.34838,0.33027,0.32135,1.08409,0.02702,0.3304,0.34662,0.32298,0.00987,0.96,6.8,OK,ADMS_raw_i9p0_d26p89_t0p34_s2_m1p6,0.04397,0.04487,0.2739,0.0751,1.2067,0.05731,0.0231,0.018494999999999998,0.1910095801497273,0.86073,10.4725,5.274262,0.999972,-0.13453,1.917661,10.836496,-0.669573,1.01054,17.610539,0.39622,ADMS,raw,quadratic,ADMS|raw|9
ADMS,ADMS_DF_i15p0_d20p83_t0p4_s1_m1p6.stl,15.0,20.83,0.4,1,1.6,15.021,4070096,1,1,-284,0.19344,15.6633,3.0299,0.857,-5.23752,6.14176,-0.3509,4.5254,203.7518,35.698,0.4011,0.0075,4000,0.13369,1.003,0.3479,0.33303,0.31907,1.09036,0.02883,0.33304,0.32799,0.33896,0.00448,0.952,23.8,OK,ADMS_DF_i15p0_d20p83_t0p4_s1_m1p6,0.04684,0.04818,0.2639,0.0559,1.049,0.05411,0.021865000000000002,0.019925,0.1943,0.99013,15.1707,5.169562,0.999997,-0.115812,1.493576,11.781873,-0.570514,0.669012,22.194346,0.405069,ADMS,df,quadratic,ADMS|df|9
ADMS,ADMS_DF_i15p0_d20p63_t0p4_s2_m1p6.stl,15.0,20.63,0.4,2,1.6,15.015,4080276,1,1,-316,0.19515,15.5912,3.0426,0.856,-5.6648,6.9246,-0.37947,4.82554,208.8879,36.3358,0.4011,0.0088,4000,0.13371,1.003,0.35288,0.33149,0.31563,1.118,0.03724,0.33086,0.34109,0.32805,0.0056,0.95,23.6,OK,ADMS_DF_i15p0_d20p63_t0p4_s2_m1p6,0.04542,0.04695,0.2576,0.0615,1.0415,0.055830000000000005,0.018799999999999997,0.0176,0.1959,0.98599,15.2283,5.124263,0.999993,-0.124718,1.58598,11.942263,-0.611911,0.747995,22.564052,0.406829,ADMS,df,quadratic,ADMS|df|9
ADMS,ADMS_flow_i12p0_d26p89_t0p33_s2_m1p6.stl,12.0,26.89,0.33,2,1.6,12.015,2485928,1,1,-282,0.19569,18.5427,3.6287,0.903,-8.12215,12.37875,-0.47512,7.04511,220.7933,38.3579,0.3312,0.005,4000,0.11039,1.004,0.35382,0.33314,0.31304,1.13026,0.04078,0.34254,0.32464,0.33281,0.00732,0.972,13.6,OK,ADMS_flow_i12p0_d26p89_t0p33_s2_m1p6,0.03716,0.03835,0.2598,0.1468,0.7344,0.042155,0.012350000000000002,0.012244999999999999,0.1966304591094682,0.82676,14.5326,5.110123,1.000022,-0.130937,1.941539,10.57093,-0.616862,0.940142,16.768827,0.400563,ADMS,flow,quadratic,ADMS|flow|9
ADMS,ADMS_DF_i15p0_d20p83_t0p4_s2_m1p4.stl,15.0,20.83,0.4,2,1.4,15.018,4178376,1,1,-304,0.19578,15.8235,3.0979,0.818,-5.22351,6.07125,-0.3477,4.4814,204.7036,35.775,0.401,0.0098,4000,0.13368,1.003,0.36482,0.329,0.30618,1.19153,0.05864,0.33185,0.34147,0.32668,0.00613,0.94,24.3,OK,ADMS_DF_i15p0_d20p83_t0p4_s2_m1p4,0.04908,0.0505,0.2635,0.0676,1.095,0.05965,0.023105,0.02035,0.1966,0.96839,15.5082,5.107774,0.999992,-0.112236,1.446581,11.548053,-0.544278,0.63261,21.32965,0.414131,ADMS,df,quadratic,ADMS|df|9
ADMS,ADMS_flow_i15p0_d14p77_t0p6_s2_m1p6.stl,15.0,14.77,0.6,2,1.6,15.012,2652592,1,1,-92,0.19579,10.3743,2.0311,0.901,-2.63132,2.87639,-0.27581,3.2072,135.8877,29.2118,0.6009,0.0211,4000,0.2003,1.002,0.37268,0.33551,0.2918,1.27718,0.08088,0.36507,0.29557,0.33937,0.02869,0.96,21.9,OK,ADMS_flow_i15p0_d14p77_t0p6_s2_m1p6,0.03044,0.03159,0.2528,0.291,0.5008,0.037915000000000004,0.0075049999999999995,0.008015,0.196249512996418,1.47697,10.1641,5.107513,0.999959,-0.135788,1.57898,14.38166,-0.637786,0.697187,32.93681,0.406846,ADMS,flow,quadratic,ADMS|flow|9
ADMS,ADMS_flow_i15p0_d22p85_t0p37_s2_m1p6.stl,15.0,22.85,0.37,2,1.6,15.015,4341336,1,1,-362,0.19663,16.5778,3.2598,0.899,-5.88402,8.06499,-0.38137,5.5666,192.1851,35.1262,0.371,0.005,4000,0.12366,1.003,0.38314,0.32789,0.28896,1.32592,0.09418,0.35671,0.31035,0.33294,0.01893,0.972,23.0,OK,ADMS_flow_i15p0_d22p85_t0p37_s2_m1p6,0.04168,0.04266,0.2702,0.1052,0.7435,0.05557,0.016995,0.014499999999999999,0.1974390867485574,0.92033,16.3148,5.085694,1.000033,-0.116996,1.707707,10.775923,-0.553759,0.759015,18.086993,0.403094,ADMS,flow,quadratic,ADMS|flow|9
ADMS,ADMS_DF_i15p0_d20p83_t0p4_s2_m1p8.stl,15.0,20.83,0.4,2,1.8,15.015,4106150,1,1,-286,0.19689,15.5943,3.0703,0.86,-5.42877,6.59555,-0.37191,4.73654,206.4593,36.1162,0.4011,0.0068,4000,0.1337,1.003,0.35955,0.33919,0.30126,1.19348,0.05829,0.3254,0.35245,0.32214,0.01358,0.956,24.2,OK,ADMS_DF_i15p0_d20p83_t0p4_s2_m1p8,0.04452,0.04601,0.2577,0.0867,0.9409,0.053559999999999997,0.018685,0.017509999999999998,0.1976,0.97708,15.3672,5.078978,0.99998,-0.121129,1.542665,11.762849,-0.575867,0.699636,21.900567,0.410507,ADMS,df,quadratic,ADMS|df|9
ADMS,ADMS_DF_i15p0_d21p03_t0p4_s2_m1p6.stl,15.0,21.03,0.4,2,1.6,15.025,4178788,1,1,-328,0.1988,15.5908,3.0995,0.859,-5.75707,7.14926,-0.38578,4.88836,207.5741,36.0763,0.4011,0.0083,4000,0.13371,1.003,0.35147,0.33467,0.31386,1.11983,0.03761,0.32625,0.34577,0.32798,0.00882,0.953,24.3,OK,ADMS_DF_i15p0_d21p03_t0p4_s2_m1p6,0.04562,0.04744,0.2501,0.0648,1.0512,0.058525,0.01926,0.019305000000000003,0.1997,0.96791,15.5231,5.030181,1.000016,-0.124467,1.57717,11.639577,-0.599283,0.744203,21.607454,0.414428,ADMS,df,quadratic,ADMS|df|9
ADMS,ADMS_DF_i9p0_d26p89_t0p31_s2_m1p6.stl,9.0,26.89,0.31,2,1.6,9.019,1193024,1,1,-132,0.19896,20.6119,4.1009,0.831,-9.55635,14.06583,-0.50996,7.22355,256.9541,41.574,0.3115,0.0166,4000,0.10385,1.005,0.35803,0.33533,0.30664,1.1676,0.05139,0.33385,0.33811,0.32804,0.00412,0.937,7.4,OK,ADMS_DF_i9p0_d26p89_t0p31_s2_m1p6,0.0392,0.04168,0.2228,0.1364,0.9445,0.04319,0.012769999999999998,0.015695,0.2005742612366345,0.73154,12.3288,5.026136,0.999989,-0.124352,1.761436,10.137667,-0.56823,0.836369,15.278755,0.425883,ADMS,df,quadratic,ADMS|df|10
ADMS,ADMS_raw_i15p0_d22p85_t0p41_s2_m1p6.stl,15.0,22.85,0.41,2,1.6,15.014,4128960,0,1,-281,0.19944,15.0774,3.0071,0.89,-4.74654,6.66596,-0.33267,4.71873,165.075,32.6279,0.4111,0.0061,4000,0.13705,1.003,0.35328,0.32922,0.3175,1.11269,0.03578,0.32868,0.33481,0.33651,0.00336,0.968,22.1,OK,ADMS_raw_i15p0_d22p85_t0p41_s2_m1p6,0.05228,0.05318,0.278,0.1119,1.5101,0.06341000000000001,0.027865,0.023319999999999997,0.2000815115064166,0.99766,15.0492,5.014039,1.000021,-0.110631,1.569229,10.850516,-0.524928,0.7372,18.255926,0.412114,ADMS,raw,quadratic,ADMS|raw|10
ADMS,ADMS_DF_i18p0_d21p0_t0p4_s2_m1p6.stl,18.0,21.0,0.4,2,1.6,18.015,7188356,1,1,-546,0.20074,15.4135,3.0942,0.866,-5.60228,6.9398,-0.37883,4.86411,204.1606,35.9947,0.4012,0.0032,4000,0.13373,1.003,0.35294,0.3295,0.31756,1.11143,0.03538,0.33391,0.32382,0.34228,0.00755,0.965,38.7,OK,ADMS_DF_i18p0_d21p0_t0p4_s2_m1p6,0.05031,0.05209,0.2555,0.066,1.0223,0.055279999999999996,0.021355,0.02051,0.2014,0.96959,18.58,4.981568,1.00003,-0.122436,1.572057,11.633312,-0.585187,0.724897,21.325615,0.413775,ADMS,df,quadratic,ADMS|df|10
ADMS,ADMS_raw_i12p0_d26p89_t0p34_s2_m1p6.stl,12.0,26.89,0.34,2,1.6,12.014,2611208,1,1,-258,0.20314,18.1903,3.6952,0.889,-6.90184,10.77459,-0.40338,6.21572,193.0309,36.0119,0.3409,0.0056,4000,0.11363,1.003,0.35246,0.32674,0.3208,1.09868,0.03166,0.32834,0.3415,0.33016,0.00582,0.968,15.5,OK,ADMS_raw_i12p0_d26p89_t0p34_s2_m1p6,0.05593,0.05666,0.2833,0.1268,1.5907,0.063415,0.03169,0.026770000000000002,0.2041123409193781,0.81187,14.7979,4.922713,1.000006,-0.109164,1.682117,9.745648,-0.505469,0.789097,14.136966,0.419883,ADMS,raw,quadratic,ADMS|raw|10
ADMS,ADMS_raw_i15p0_d30p93_t0p29_s2_m1p6.stl,15.0,30.93,0.29,2,1.6,15.015,5817564,1,1,-890,0.204,20.8618,4.2558,0.898,-10.76048,16.4422,-0.53491,7.94854,238.2571,40.8271,0.2921,0.0027,4000,0.09738,1.007,0.35171,0.32606,0.32224,1.09145,0.02947,0.33269,0.33205,0.33526,0.00139,0.979,31.0,OK,ADMS_raw_i15p0_d30p93_t0p29_s2_m1p6,0.05527,0.0565,0.2717,0.0627,1.2021,0.06541000000000001,0.027875,0.023319999999999997,0.2044891197586894,0.70492,21.3003,4.901961,0.999998,-0.125689,1.867693,9.593268,-0.594111,0.907812,13.154731,0.414431,ADMS,raw,quadratic,ADMS|raw|10
ADMS,ADMS_DF_i18p0_d26p89_t0p31_s2_m1p6.stl,18.0,26.89,0.31,2,1.6,18.018,9322472,1,1,-1254,0.20484,19.564,4.0076,0.878,-9.59683,14.14768,-0.50847,7.31365,256.0988,41.6536,0.3117,0.0028,4000,0.10389,1.005,0.35682,0.32635,0.31683,1.12623,0.03999,0.32174,0.34638,0.33188,0.01011,0.972,52.6,OK,ADMS_DF_i18p0_d26p89_t0p31_s2_m1p6,0.05703,0.05841,0.2694,0.0394,0.9703,0.07388,0.026585,0.022099999999999998,0.2053988719795369,0.7486,24.0689,4.881859,1.000028,-0.12688,1.824995,10.393938,-0.597562,0.880928,15.946402,0.416338,ADMS,df,quadratic,ADMS|df|10
ADMS,ADMS_raw_i18p0_d26p89_t0p34_s2_m1p6.stl,18.0,26.89,0.34,2,1.6,18.014,8668348,1,1,-988,0.20608,17.8234,3.673,0.896,-8.0348,11.73753,-0.46818,6.50758,216.1889,37.9195,0.341,0.0026,4000,0.11365,1.003,0.35241,0.32928,0.31831,1.10712,0.0341,0.34025,0.33105,0.32871,0.00498,0.979,38.4,OK,ADMS_raw_i18p0_d26p89_t0p34_s2_m1p6,0.05506,0.05629,0.2716,0.0566,1.1859,0.06559,0.027690000000000003,0.022955,0.2067561513323987,0.81676,22.0554,4.852484,0.999987,-0.127464,1.771712,10.32372,-0.595556,0.870009,16.024356,0.417442,ADMS,raw,quadratic,ADMS|raw|10
ADMS,ADMS_DF_i15p0_d10p73_t0p8_s2_m1p6.stl,15.0,10.73,0.8,2,1.6,15.011,2231540,1,1,-42,0.20821,8.0996,1.6864,0.856,-1.45044,1.00322,-0.19243,1.79809,107.1767,25.9347,0.8007,0.0492,4000,0.26689,1.001,0.38317,0.31528,0.30155,1.27068,0.08162,0.33235,0.31505,0.3526,0.01535,0.93,26.0,OK,ADMS_DF_i15p0_d10p73_t0p8_s2_m1p6,0.04313,0.04526,0.2387,0.2767,0.8726,0.040945,0.010185,0.013080000000000001,0.2087,1.77892,8.4383,4.802843,0.999989,-0.114106,1.066219,15.378574,-0.509999,0.352749,37.685134,0.450088,ADMS,df,quadratic,ADMS|df|10
ADMS,ADMS_raw_i15p0_d36p0_t0p26_s2_m1p6.stl,15.0,36.0,0.26,2,1.6,15.021,6620828,1,1,-1358,0.21012,23.1013,4.8541,0.913,-14.84547,24.52285,-0.65603,9.99383,270.99,43.2307,0.2624,0.0026,4000,0.08748,1.009,0.34663,0.33168,0.32169,1.07755,0.02495,0.3373,0.32831,0.33439,0.00375,0.983,33.6,OK,ADMS_raw_i15p0_d36p0_t0p26_s2_m1p6,0.05576,0.05703,0.2712,0.0341,1.0703,0.06844,0.025859999999999998,0.022065,0.2107253364719704,0.61804,24.3043,4.759185,1.000011,-0.135151,2.058866,8.906118,-0.630066,1.04079,11.501266,0.424632,ADMS,raw,quadratic,ADMS|raw|10
ADMS,ADMS_DF_i15p0_d20p83_t0p4_s2_m2p0.stl,15.0,20.83,0.4,2,2.0,15.014,4384244,1,1,-348,0.21167,15.6218,3.3067,0.844,-5.91463,7.21717,-0.39788,5.02991,222.58,37.7299,0.4011,0.0082,4000,0.13371,1.003,0.37252,0.32009,0.30739,1.21189,0.06513,0.33477,0.32565,0.33959,0.00578,0.945,25.4,OK,ADMS_DF_i15p0_d20p83_t0p4_s2_m2p0,0.05474,0.05645,0.2608,0.0676,0.9005,0.06701,0.02175,0.020354999999999998,0.2124,0.90726,16.5487,4.724335,1.00001,-0.120327,1.521142,11.410253,-0.540937,0.660064,20.356606,0.442134,ADMS,df,quadratic,ADMS|df|10
ADMS,ADMS_flow_i15p0_d22p85_t0p4_s2_m1p6.stl,15.0,22.85,0.4,2,1.6,15.014,4334372,1,1,-358,0.2124,15.3442,3.259,0.896,-5.83683,8.02113,-0.41139,5.52652,189.413,34.8115,0.4012,0.0062,4000,0.13372,1.003,0.3833,0.32791,0.2888,1.32723,0.0945,0.35682,0.3102,0.33298,0.01904,0.97,23.6,OK,ADMS_flow_i15p0_d22p85_t0p4_s2_m1p6,0.0475,0.04868,0.2683,0.1005,0.7591,0.062645,0.019285,0.016739999999999998,0.213153860316083,0.9205,16.3107,4.708098,0.999967,-0.126228,1.695715,10.681297,-0.549515,0.755158,17.832501,0.435808,ADMS,flow,quadratic,ADMS|flow|10
ADMS,ADMS_flow_i18p0_d26p89_t0p33_s2_m1p6.stl,18.0,26.89,0.33,2,1.6,18.019,9005868,1,1,-1092,0.21248,18.3269,3.8941,0.902,-8.54121,12.54531,-0.48979,7.03287,210.9314,37.4768,0.3312,0.0031,4000,0.11038,1.003,0.34588,0.32995,0.32417,1.06696,0.02171,0.3357,0.33009,0.33421,0.00237,0.979,45.0,OK,ADMS_flow_i18p0_d26p89_t0p33_s2_m1p6,0.05086,0.05186,0.2748,0.0764,0.7865,0.07097,0.022185,0.01901,0.2131907914539336,0.7704,23.3891,4.706325,1.0,-0.125777,1.806032,9.623996,-0.563255,0.827308,13.909999,0.429831,ADMS,flow,quadratic,ADMS|flow|10
ADMS,ADMS_flow_i15p0_d12p75_t0p8_s2_m1p6.stl,15.0,12.75,0.8,2,1.6,15.011,2196032,1,1,-48,0.21351,7.9154,1.69,0.887,-1.56268,1.72698,-0.23204,2.50927,102.6283,25.1918,0.8008,0.0347,4000,0.26695,1.001,0.41686,0.32776,0.25538,1.63233,0.16148,0.33294,0.32342,0.34364,0.00826,0.946,26.0,OK,ADMS_flow_i15p0_d12p75_t0p8_s2_m1p6,0.02825,0.02973,0.2352,0.2536,0.6068,0.03649,0.00732,0.01006,0.2138963793372812,1.77513,8.4563,4.683621,0.99999,-0.1373,1.48476,14.90624,-0.547127,0.604651,35.932295,0.45115,ADMS,flow,quadratic,ADMS|flow|10
ADMS,ADMS_DF_5cube_d22p85_r022.stl,,22.85,,,,15.016,4404896,1,1,-390,0.21469,15.5198,3.3319,0.862,-6.49913,8.19446,-0.43793,5.35038,215.8471,37.2891,0.4012,0.0081,4000,0.13374,,0.34904,0.33003,0.32092,1.08762,0.02812,0.32292,0.33238,0.34469,0.00891,0.955,30.8,OK,ADMS_DF_5cube_d22p85_r022,0.05388,0.0558,0.2553,0.0874,0.833,0.07531,0.021025000000000002,0.021195,0.22,0.90037,16.6776,4.657879,0.999986,-0.131434,1.605782,11.191388,-0.585409,0.738116,19.442421,0.445614,ADMS,df,quadratic,ADMS|df|11
ADMS,ADMS_DF_i15p0_d26p89_t0p33_s2_m1p6.stl,15.0,26.89,0.33,2,1.6,15.016,5387076,1,1,-730,0.21748,18.5259,4.0291,0.873,-9.78274,14.21828,-0.54645,7.22376,248.4814,40.8692,0.3313,0.003,4000,0.11042,1.004,0.35655,0.32755,0.3159,1.1287,0.04066,0.33632,0.32927,0.33441,0.00298,0.966,27.8,OK,ADMS_DF_i15p0_d26p89_t0p33_s2_m1p6,0.05798,0.06008,0.2547,0.0516,0.9116,0.070525,0.022945000000000004,0.02218,0.2184656983944069,0.7446,20.1665,4.598124,1.000022,-0.135629,1.792936,10.143726,-0.602647,0.87589,15.30723,0.444884,ADMS,df,quadratic,ADMS|df|10
ADMS,ADMS_DF_i9p0_d20p83_t0p4_s2_m1p6.stl,9.0,20.83,0.4,2,1.6,9.014,1024000,1,1,-84,0.22083,15.7939,3.4878,0.873,-5.52721,7.05846,-0.39322,4.83299,203.0119,36.0748,0.4011,0.0215,4000,0.1337,1.003,0.36343,0.32531,0.31127,1.16758,0.05216,0.31283,0.36026,0.32691,0.01989,0.948,7.3,OK,ADMS_DF_i9p0_d20p83_t0p4_s2_m1p6,0.037,0.04031,0.1933,0.2078,1.0895,0.04519,0.00781,0.012504999999999999,0.222140744249145,0.86015,10.4796,4.52837,1.000009,-0.112743,1.385698,10.343237,-0.454371,0.58025,16.688857,0.466314,ADMS,df,quadratic,ADMS|df|11
ADMS,ADMS_DF_i15p0_d14p77_t0p6_s2_m1p6.stl,15.0,14.77,0.6,2,1.6,15.012,3149600,1,1,-130,0.22107,10.7741,2.3819,0.81,-2.96692,2.56415,-0.30868,2.81532,151.1578,30.9061,0.6008,0.0399,4000,0.20026,1.001,0.36465,0.33665,0.29871,1.22075,0.06594,0.34003,0.33241,0.32756,0.00513,0.915,24.9,OK,ADMS_DF_i15p0_d14p77_t0p6_s2_m1p6,0.05326,0.05521,0.2541,0.0678,1.0056,0.066245,0.02316,0.02228,0.2215,1.25954,11.9186,4.523454,1.000029,-0.129598,1.181999,12.975778,-0.522979,0.451983,26.644583,0.476985,ADMS,df,quadratic,ADMS|df|11
ADMS,ADMS_raw_i15p0_d26p89_t0p37_s2_m1p6.stl,15.0,26.89,0.37,2,1.6,15.014,4999804,1,1,-550,0.22248,16.4717,3.6646,0.907,-8.1907,12.57078,-0.50939,6.72797,205.5365,36.8562,0.3712,0.0026,4000,0.12373,1.003,0.34552,0.3312,0.32328,1.06881,0.02225,0.32503,0.3387,0.33627,0.00595,0.974,27.7,OK,ADMS_raw_i15p0_d26p89_t0p37_s2_m1p6,0.05503,0.05655,0.2651,0.0484,1.1703,0.066525,0.026150000000000003,0.02303,0.2233908041846973,0.81864,18.3402,4.494786,0.999994,-0.139002,1.835924,10.057294,-0.609905,0.936059,15.304888,0.453424,ADMS,raw,quadratic,ADMS|raw|11
ADMS,ADMS_DF_i15p0_d30p93_t0p3_s2_m1p6.stl,15.0,30.93,0.3,2,1.6,15.018,6100056,0,1,-1039,0.22542,20.2178,4.5574,0.883,-12.6289,19.67667,-0.64485,8.72163,269.2303,43.5483,0.3021,0.0029,4000,0.10071,1.007,0.35591,0.3267,0.31739,1.12135,0.03852,0.33316,0.33909,0.32776,0.00463,0.97,32.1,OK,ADMS_DF_i15p0_d30p93_t0p3_s2_m1p6,0.0611,0.06281,0.2645,0.0613,0.887,0.07597000000000001,0.025115,0.022135,0.2261,0.65826,22.8147,4.436164,0.999979,-0.141492,1.913689,9.555312,-0.608013,0.947325,12.961977,0.458985,ADMS,df,quadratic,ADMS|df|11
ADMS,ADMS_flow_i15p0_d26p89_t0p36_s2_m1p6.stl,15.0,26.89,0.36,2,1.6,15.016,5089816,1,1,-588,0.22554,16.9081,3.8134,0.902,-8.19632,11.85483,-0.51409,6.77028,205.3619,36.8008,0.361,0.008,4000,0.12034,1.003,0.36641,0.34147,0.29212,1.25434,0.0743,0.35053,0.34785,0.30161,0.02246,0.974,26.6,OK,ADMS_flow_i15p0_d26p89_t0p36_s2_m1p6,0.05175,0.05325,0.2633,0.0855,0.8027,0.066495,0.020560000000000002,0.01764,0.226561870837195,0.78669,19.0876,4.433803,0.999986,-0.13481,1.775367,9.650257,-0.563614,0.815189,14.121574,0.458911,ADMS,flow,quadratic,ADMS|flow|11
ADMS,ADMS_raw_i15p0_d42p0_t0p24_s2_m1p6.stl,15.0,42.0,0.24,2,1.6,15.015,7811172,1,1,-2214,0.22856,24.958,5.7044,0.902,-20.16005,32.18137,-0.82684,11.39966,294.0053,44.8884,0.2421,0.0029,4000,0.08069,1.009,0.3496,0.32776,0.32264,1.08354,0.02695,0.32779,0.33708,0.33513,0.004,0.984,37.5,OK,ADMS_raw_i15p0_d42p0_t0p24_s2_m1p6,0.06605,0.06787,0.2652,0.042,1.1213,0.081515,0.030965,0.027665000000000002,0.2298047523703052,0.52591,28.5505,4.375219,1.0,-0.144948,1.998398,7.869083,-0.619543,0.988973,9.035145,0.460288,ADMS,raw,quadratic,ADMS|raw|11
ADMS,ADMS_raw_i15p0_d30p93_t0p34_s2_m1p6.stl,15.0,30.93,0.34,2,1.6,15.015,5788352,1,1,-890,0.23803,17.8302,4.2441,0.893,-10.86538,16.26707,-0.63185,7.65559,227.314,39.4907,0.3411,0.0029,4000,0.11371,1.003,0.35186,0.326,0.32214,1.09227,0.02972,0.33268,0.33204,0.33528,0.0014,0.975,29.4,OK,ADMS_raw_i15p0_d30p93_t0p34_s2_m1p6,0.07079,0.07252,0.2689,0.061,1.195,0.08352,0.0351,0.03,0.2390213712533705,0.70686,21.2418,4.201151,0.999995,-0.148876,1.80381,9.304797,-0.603211,0.903095,12.619739,0.482599,ADMS,raw,quadratic,ADMS|raw|11
ADMS,ADMS_raw_i15p0_d26p89_t0p4_s2_m1p6.stl,15.0,26.89,0.4,2,1.6,15.014,4986264,1,1,-550,0.24019,15.235,3.6593,0.905,-8.23762,12.6697,-0.55377,6.74357,202.9007,36.5224,0.4014,0.0029,4000,0.13379,1.003,0.34583,0.33088,0.32329,1.06971,0.02254,0.32491,0.33944,0.33565,0.00615,0.971,22.1,OK,ADMS_raw_i15p0_d26p89_t0p4_s2_m1p6,0.06257,0.0644,0.2631,0.0488,1.1719,0.07545,0.029345,0.026295000000000002,0.24098865,0.81983,18.3136,4.163371,1.000001,-0.151332,1.842861,9.980721,-0.615187,0.946175,15.152657,0.489577,ADMS,raw,quadratic,ADMS|raw|12
ADMS,ADMS_DF_i15p0_d20p83_t0p5_s2_m1p6.stl,15.0,20.83,0.5,2,1.6,15.014,4062912,1,1,-288,0.24087,12.6329,3.0429,0.848,-5.31329,6.16294,-0.44589,4.40332,187.4821,34.6104,0.5009,0.0186,4000,0.16698,1.002,0.34819,0.33308,0.31873,1.09243,0.02946,0.33302,0.32766,0.33931,0.00476,0.942,26.7,OK,ADMS_DF_i15p0_d20p83_t0p5_s2_m1p6,0.06719,0.06924,0.2616,0.0504,1.0549,0.07762,0.03087,0.028650000000000002,0.2416361723354057,0.98591,15.2286,4.151617,1.000004,-0.146535,1.447086,11.3742,-0.573842,0.665605,20.248286,0.508101,ADMS,df,quadratic,ADMS|df|12
ADMS,ADMS_raw_i15p0_d22p85_t0p5_s2_m1p6.stl,15.0,22.85,0.5,2,1.6,15.013,4114960,1,1,-282,0.24239,12.4186,3.0101,0.882,-4.80029,6.65765,-0.40992,4.62008,153.6309,31.694,0.501,0.0148,4000,0.16699,1.002,0.35349,0.3292,0.31731,1.11401,0.03618,0.32862,0.33485,0.33653,0.0034,0.96,25.1,OK,ADMS_raw_i15p0_d22p85_t0p5_s2_m1p6,0.07194,0.07333,0.2754,0.1059,1.467,0.087075,0.03754,0.03179,0.2430442148673639,0.99663,15.0638,4.125583,0.999985,-0.13618,1.534837,10.529063,-0.529777,0.734761,16.955238,0.502664,ADMS,raw,quadratic,ADMS|raw|12
ADMS,ADMS_DF_i15p0_d24p87_t0p4_s2_m1p6.stl,15.0,24.87,0.4,2,1.6,15.014,5066664,1,1,-556,0.24348,15.4202,3.7546,0.863,-8.162,11.38025,-0.54932,6.29488,222.522,38.0327,0.4012,0.0065,4000,0.13374,1.003,0.34637,0.33055,0.32307,1.07212,0.0233,0.33039,0.33757,0.33203,0.00307,0.959,29.0,OK,ADMS_DF_i15p0_d24p87_t0p4_s2_m1p6,0.06775,0.0704,0.251,0.0625,1.0766,0.08257500000000001,0.030670000000000003,0.030699999999999998,0.2443,0.79904,18.79,4.107114,1.000024,-0.146309,1.676618,10.12987,-0.579015,0.807319,15.785791,0.502128,ADMS,df,quadratic,ADMS|df|12
ADMS,ADMS_raw_i12p0_d36p0_t0p31_s2_m1p6.stl,12.0,36.0,0.31,2,1.6,12.014,3357788,1,1,-656,0.24509,19.5411,4.7893,0.905,-14.52279,22.67009,-0.76424,9.35544,233.539,41.0743,0.3118,0.0028,4000,0.10393,1.006,0.3464,0.33433,0.31927,1.08499,0.02713,0.3283,0.34099,0.33071,0.0055,0.973,18.6,OK,ADMS_raw_i12p0_d36p0_t0p31_s2_m1p6,0.06832,0.07017,0.2658,0.07,1.2382,0.078015,0.03344,0.029900000000000003,0.2458931284336482,0.62639,19.1797,4.080134,0.999994,-0.159571,1.953393,8.576213,-0.633142,0.988335,10.181464,0.497755,ADMS,raw,quadratic,ADMS|raw|12
ADMS,ADMS_raw_i15p0_d36p0_t0p31_s2_m1p6.stl,15.0,36.0,0.31,2,1.6,15.015,6568236,1,1,-1358,0.24955,19.3524,4.8293,0.908,-15.03052,23.27075,-0.7946,9.42594,242.2275,41.5308,0.3119,0.0027,4000,0.10396,1.006,0.34678,0.33166,0.32156,1.07845,0.02523,0.33735,0.32825,0.3344,0.00379,0.978,33.9,OK,ADMS_raw_i15p0_d36p0_t0p31_s2_m1p6,0.07362,0.07558,0.2663,0.033,1.0742,0.089085,0.0331,0.02939,0.2501885669719802,0.6212,24.171,4.007213,0.999981,-0.164534,1.951786,8.599593,-0.64445,0.997759,10.385768,0.502064,ADMS,raw,quadratic,ADMS|raw|12
ADMS,ADMS_flow_i15p0_d26p89_t0p4_s2_m1p6.stl,15.0,26.89,0.4,2,1.6,15.019,5069140,1,1,-584,0.25004,15.2129,3.8038,0.898,-8.20472,11.80279,-0.57403,6.73841,206.0685,36.5747,0.4013,0.0103,4000,0.13376,1.003,0.3666,0.34157,0.29183,1.25623,0.07478,0.35069,0.34788,0.30143,0.02259,0.97,27.8,OK,ADMS_flow_i15p0_d26p89_t0p4_s2_m1p6,0.06405,0.06596,0.2623,0.0733,0.806,0.08614000000000001,0.02699,0.02436,0.25125131,0.78868,19.0432,3.99936,0.999991,-0.150908,1.771479,9.615221,-0.567049,0.815721,14.241922,0.508801,ADMS,flow,quadratic,ADMS|flow|12
ADMS,ADMS_raw_i15p0_d22p85_t0p53_s2_m1p6.stl,15.0,22.85,0.53,2,1.6,15.013,4109516,1,1,-282,0.25659,11.7291,3.0095,0.879,-4.82067,6.73317,-0.43608,4.63891,153.2419,31.5281,0.531,0.0145,4000,0.17701,1.002,0.35357,0.32919,0.31724,1.11451,0.03633,0.32859,0.33488,0.33653,0.00342,0.958,26.4,OK,ADMS_raw_i15p0_d22p85_t0p53_s2_m1p6,0.07902,0.0806,0.2745,0.1037,1.4522,0.09567,0.04096,0.0349,0.2572752960515737,0.99682,15.0609,3.897268,0.999977,-0.144898,1.541386,10.475949,-0.532229,0.74338,16.918766,0.532724,ADMS,raw,quadratic,ADMS|raw|12
ADMS,ADMS_DF_i15p0_d14p77_t0p7_s2_m1p6.stl,15.0,14.77,0.7,2,1.6,15.012,3146176,1,1,-130,0.2567,9.3294,2.3949,0.798,-3.00344,2.67802,-0.36264,2.87808,142.2608,30.084,0.7008,0.0632,4000,0.23359,1.001,0.36521,0.33637,0.29843,1.22377,0.06678,0.33982,0.33294,0.32724,0.00514,0.902,28.5,OK,ADMS_DF_i15p0_d14p77_t0p7_s2_m1p6,0.06922,0.07175,0.2542,0.0644,0.9962,0.086485,0.02996,0.028624999999999998,0.2572,1.25268,11.9839,3.895598,1.000018,-0.151424,1.201775,12.561919,-0.523673,0.466933,24.804249,0.559415,ADMS,df,quadratic,ADMS|df|12
ADMS,ADMS_DF_5cube_d26p89_r026.stl,,26.89,,,,15.014,5299120,1,1,-684,0.25797,15.3352,3.956,0.868,-9.48559,13.52025,-0.64744,6.92642,235.2745,39.3858,0.4014,0.0078,4000,0.1338,,0.35791,0.32798,0.31411,1.13944,0.0438,0.32586,0.35057,0.32357,0.01222,0.958,37.6,OK,ADMS_DF_5cube_d26p89_r026,0.07238,0.07527,0.2502,0.0509,0.9721,0.09063,0.02924,0.028975,0.26,0.75834,19.7985,3.87642,0.999995,-0.163659,1.750855,9.955911,-0.606104,0.863908,15.033412,0.529316,ADMS,df,quadratic,ADMS|df|13
ADMS,ADMS_flow_i15p0_d14p77_t0p8_s2_m1p6.stl,15.0,14.77,0.8,2,1.6,15.013,2629672,1,1,-84,0.25922,7.8252,2.0284,0.886,-2.46858,2.97295,-0.35598,3.27205,120.3605,27.7609,0.801,0.0393,4000,0.26701,1.001,0.374,0.33487,0.29112,1.2847,0.08288,0.36664,0.29471,0.33865,0.02961,0.945,31.2,OK,ADMS_flow_i15p0_d14p77_t0p8_s2_m1p6,0.05114,0.05347,0.2431,0.2507,0.5708,0.061855,0.01365,0.015674999999999998,0.2597414509408422,1.47896,10.1511,3.857727,0.999976,-0.175494,1.61308,13.685781,-0.599956,0.722536,29.252035,0.541616,ADMS,flow,quadratic,ADMS|flow|12
ADMS,ADMS_flow_i15p0_d26p89_t0p42_s2_m1p6.stl,15.0,26.89,0.42,2,1.6,15.019,5058096,1,1,-582,0.26223,14.482,3.7977,0.896,-8.2106,11.75642,-0.60376,6.71555,204.3928,36.5872,0.4214,0.0112,4000,0.14047,1.003,0.36672,0.34161,0.29168,1.25728,0.07504,0.35076,0.3479,0.30134,0.02265,0.968,28.6,OK,ADMS_flow_i15p0_d26p89_t0p42_s2_m1p6,0.0666,0.06874,0.2595,0.08,0.828,0.08410000000000001,0.025975,0.023094999999999997,0.2632870569163905,0.78997,19.0121,3.813446,1.000022,-0.158984,1.76836,9.634258,-0.569316,0.81518,14.172412,0.533451,ADMS,flow,quadratic,ADMS|flow|13
ADMS,ADMS_raw_i15p0_d42p0_t0p28_s2_m1p6.stl,15.0,42.0,0.28,2,1.6,15.015,7741816,1,1,-2214,0.26658,21.2462,5.6639,0.897,-20.41917,31.17113,-0.98369,10.96693,274.917,44.8635,0.2826,0.0028,4000,0.0942,1.009,0.34978,0.32769,0.32253,1.0845,0.02725,0.32771,0.33713,0.33515,0.00406,0.98,37.5,OK,ADMS_raw_i15p0_d42p0_t0p28_s2_m1p6,0.0845,0.08706,0.2618,0.0409,1.1188,0.103505,0.03875,0.03546,0.2668207682016248,0.52968,28.3473,3.751219,1.000016,-0.17368,1.936316,7.921079,-0.636532,0.971706,8.570061,0.533531,ADMS,raw,quadratic,ADMS|raw|13
ADMS,ADMS_raw_i15p0_d30p93_t0p39_s2_m1p6.stl,15.0,30.93,0.39,2,1.6,15.014,5749428,1,1,-890,0.27211,15.5274,4.2252,0.887,-10.99561,16.49085,-0.73279,7.65151,223.5713,38.7421,0.3913,0.0053,4000,0.13044,1.003,0.35207,0.32593,0.322,1.0934,0.03007,0.3327,0.33202,0.33529,0.00141,0.97,31.1,OK,ADMS_raw_i15p0_d30p93_t0p39_s2_m1p6,0.08781,0.09014,0.2663,0.0579,1.1837,0.10321,0.042640000000000004,0.037215,0.2729487444175264,0.71003,21.1456,3.674984,1.000009,-0.173435,1.810939,9.169379,-0.615932,0.923754,12.523611,0.55113,ADMS,raw,quadratic,ADMS|raw|13
ADMS,ADMS_DF_i15p0_d26p89_t0p42_s2_m1p6.stl,15.0,26.89,0.42,2,1.6,15.014,5335024,1,1,-730,0.27522,14.5774,4.012,0.863,-9.97428,14.51294,-0.70927,7.16733,231.8815,39.2959,0.4216,0.0099,4000,0.14054,1.004,0.35696,0.32741,0.31564,1.13091,0.04132,0.33629,0.32927,0.33445,0.00297,0.956,30.3,OK,ADMS_DF_i15p0_d26p89_t0p42_s2_m1p6,0.08561,0.08879,0.2535,0.0449,0.929,0.103855,0.033780000000000004,0.033035,0.2760222522424626,0.74776,20.0786,3.633457,1.000002,-0.176787,1.786477,9.794611,-0.619671,0.901644,14.406085,0.563845,ADMS,df,quadratic,ADMS|df|13
ADMS,ADMS_DF_5cube_d28p91_r028.stl,,28.91,,,,15.018,5752456,1,1,-884,0.28102,15.3018,4.3001,0.866,-11.57252,17.35232,-0.78737,7.83592,251.613,41.0417,0.4015,0.0068,4000,0.13383,,0.35007,0.32958,0.32035,1.09276,0.02971,0.33679,0.33629,0.32691,0.00455,0.957,41.1,OK,ADMS_DF_5cube_d28p91_r028,0.09119,0.09397,0.2616,0.0423,0.9557,0.109125,0.038805,0.035230000000000004,0.28,0.69766,21.5262,3.558466,0.999997,-0.183105,1.82226,9.544333,-0.625847,0.938422,13.607351,0.575484,ADMS,df,quadratic,ADMS|df|14
ADMS,ADMS_raw_i15p0_d26p89_t0p47_s2_m1p6.stl,15.0,26.89,0.47,2,1.6,15.013,4948264,1,1,-550,0.2811,12.9599,3.643,0.898,-8.35443,12.79757,-0.66107,6.73635,190.7085,35.8637,0.4713,0.0058,4000,0.1571,1.003,0.34575,0.33117,0.32308,1.07015,0.02267,0.32488,0.33881,0.33632,0.00606,0.965,30.0,OK,ADMS_raw_i15p0_d26p89_t0p47_s2_m1p6,0.08196,0.0846,0.2595,0.0489,1.1705,0.098245,0.037425,0.034620000000000005,0.2818663522492036,0.82349,18.2309,3.557453,0.999992,-0.181462,1.849107,9.844476,-0.629494,0.964279,14.369613,0.57232,ADMS,raw,quadratic,ADMS|raw|14
ADMS,ADMS_flow_i15p0_d30p93_t0p4_s2_m1p6.stl,15.0,30.93,0.4,2,1.6,15.014,5689976,1,1,-836,0.28202,15.1133,4.2623,0.897,-10.8802,15.6295,-0.75956,7.81949,233.799,38.9724,0.4015,0.0067,4000,0.13383,1.004,0.3554,0.32916,0.31544,1.12671,0.03997,0.33536,0.33638,0.32826,0.00361,0.97,30.8,OK,ADMS_flow_i15p0_d30p93_t0p4_s2_m1p6,0.07625,0.07884,0.2572,0.0631,0.855,0.09625500000000001,0.030775,0.02843,0.2830333758582391,0.70385,21.3312,3.545848,1.000011,-0.178206,1.834591,9.143615,-0.598906,0.860333,12.869576,0.570417,ADMS,flow,quadratic,ADMS|flow|14
ADMS,ADMS_DF_i15p0_d20p83_t0p6_s2_m1p6.stl,15.0,20.83,0.6,2,1.6,15.015,4042822,1,1,-296,0.28745,10.5921,3.0447,0.839,-5.41068,6.53578,-0.54438,4.53836,174.2443,33.5784,0.6011,0.0398,4000,0.20037,1.002,0.34853,0.33323,0.31824,1.09516,0.03028,0.33277,0.32728,0.33996,0.00519,0.932,30.7,OK,ADMS_DF_i15p0_d20p83_t0p6_s2_m1p6,0.09041,0.0934,0.2584,0.0442,1.0577,0.10479,0.040685,0.038759999999999996,0.2884967094390209,0.98532,15.2387,3.478866,1.0,-0.178796,1.490577,11.028479,-0.583664,0.705032,18.796189,0.610066,ADMS,df,quadratic,ADMS|df|14
ADMS,ADMS_DF_i15p0_d14p77_t0p8_s2_m1p6.stl,15.0,14.77,0.8,2,1.6,15.011,3138044,1,1,-132,0.29175,8.2387,2.4036,0.787,-3.05811,2.85398,-0.41493,2.96419,137.7948,29.7493,0.8008,0.0833,4000,0.26694,1.001,0.36585,0.33605,0.29811,1.22724,0.06774,0.33948,0.33358,0.32694,0.00512,0.888,34.4,OK,ADMS_DF_i15p0_d14p77_t0p8_s2_m1p6,0.08713,0.09028,0.2546,0.0593,0.9875,0.10833,0.03737,0.035665,0.2922459870059237,1.24811,12.027,3.427592,0.999983,-0.172626,1.233208,12.376766,-0.529315,0.493983,23.850293,0.641628,ADMS,df,quadratic,ADMS|df|14
ADMS,ADMS_raw_i15p0_d22p85_t0p61_s2_m1p6.stl,15.0,22.85,0.61,2,1.6,15.012,4087228,1,1,-282,0.29413,10.2153,3.0047,0.87,-4.88081,6.96326,-0.50819,4.73043,145.3783,30.8793,0.611,0.0263,4000,0.20368,1.002,0.35381,0.32915,0.31703,1.11602,0.03678,0.3285,0.33492,0.33657,0.00348,0.95,28.5,OK,ADMS_raw_i15p0_d22p85_t0p61_s2_m1p6,0.09871,0.10094,0.2713,0.0974,1.4067,0.119715,0.0499,0.04332,0.2949179883358383,0.99846,15.0352,3.399857,1.000025,-0.169136,1.574382,10.277252,-0.540644,0.771315,16.103441,0.611982,ADMS,raw,quadratic,ADMS|raw|14
ADMS,ADMS_DF_i15p0_d30p93_t0p4_s2_m1p6.stl,15.0,30.93,0.4,2,1.6,15.018,6015148,1,1,-1046,0.29756,15.1742,4.5152,0.872,-12.95443,19.9621,-0.88016,8.52785,252.8629,41.4942,0.4017,0.0059,4000,0.1339,1.004,0.35644,0.32659,0.31697,1.12453,0.03947,0.33306,0.33933,0.32761,0.00479,0.958,32.2,OK,ADMS_DF_i15p0_d30p93_t0p4_s2_m1p6,0.09816,0.10119,0.261,0.0453,0.9234,0.12089499999999999,0.040565,0.036555,0.2988,0.66442,22.6032,3.360667,0.999992,-0.194931,1.888684,9.189821,-0.635415,0.979142,12.402933,0.60459,ADMS,df,quadratic,ADMS|df|14
ADMS,ADMS_raw_i15p0_d30p93_t0p43_s2_m1p6.stl,15.0,30.93,0.43,2,1.6,15.014,5711152,1,1,-890,0.29915,14.0571,4.2052,0.883,-11.11719,16.55135,-0.81741,7.66011,219.2902,38.5559,0.4316,0.0076,4000,0.14385,1.004,0.35225,0.32587,0.32187,1.09438,0.03038,0.3327,0.33202,0.33528,0.00141,0.966,33.1,OK,ADMS_raw_i15p0_d30p93_t0p43_s2_m1p6,0.1024,0.10527,0.2646,0.0557,1.1736,0.12016,0.049045,0.04337,0.2999512244136155,0.71341,21.0454,3.342805,1.000004,-0.194382,1.821588,9.168665,-0.628674,0.935974,12.400801,0.604915,ADMS,raw,quadratic,ADMS|raw|14
ADMS,ADMS_DF_i15p0_d24p87_t0p5_s2_m1p6.stl,15.0,24.87,0.5,2,1.6,15.013,5015728,0,1,-559,0.30234,12.3635,3.738,0.853,-8.33641,11.74399,-0.70112,6.26522,205.3931,36.8566,0.5013,0.0179,4000,0.16709,1.003,0.34668,0.33041,0.32291,1.07363,0.02378,0.33045,0.33773,0.33182,0.00316,0.947,30.6,OK,ADMS_DF_i15p0_d24p87_t0p5_s2_m1p6,0.09778,0.10157,0.2515,0.0467,1.0726,0.11749499999999999,0.043405,0.043144999999999996,0.3034,0.80257,18.7062,3.307535,1.000005,-0.187567,1.676098,9.86003,-0.59663,0.840507,14.699812,0.624579,ADMS,df,quadratic,ADMS|df|15
ADMS,ADMS_flow_i15p0_d26p89_t0p49_s2_m1p6.stl,15.0,26.89,0.49,2,1.6,15.021,5009436,1,1,-578,0.30432,12.396,3.7724,0.89,-8.3143,11.81505,-0.71065,6.62684,205.8015,36.6704,0.4913,0.0152,4000,0.16377,1.003,0.36717,0.3417,0.29113,1.26118,0.07604,0.35104,0.34797,0.30099,0.0229,0.962,30.9,OK,ADMS_flow_i15p0_d26p89_t0p49_s2_m1p6,0.08617,0.08919,0.2559,0.0744,0.8543,0.10622999999999999,0.033,0.030335,0.3054297130760157,0.79526,18.8882,3.286015,1.000013,-0.188384,1.756687,9.720835,-0.584254,0.830255,14.461869,0.617798,ADMS,flow,quadratic,ADMS|flow|15
ADMS,ADMS_flow_i15p0_d36p0_t0p4_s2_m1p6.stl,15.0,36.0,0.4,2,1.6,15.017,6533338,1,1,-1324,0.33057,14.8463,4.9078,0.898,-14.90856,21.78476,-1.06348,9.26051,313.7705,44.53,0.4017,0.0145,4000,0.13389,1.004,0.36159,0.32496,0.31346,1.15355,0.04813,0.326,0.3391,0.3349,0.00546,0.97,34.7,OK,ADMS_flow_i15p0_d36p0_t0p4_s2_m1p6,0.10397,0.10731,0.2596,0.0613,0.836,0.13234,0.041185,0.03835,0.331523826948171,0.61128,24.5665,3.025078,1.000012,-0.216694,1.886919,9.07342,-0.618974,0.90446,13.027131,0.657097,ADMS,flow,quadratic,ADMS|flow|16
ADMS,ADMS_DF_5cube_d20p83_t0p70_s2.stl,,20.83,0.70,2,,15.018,4011764,1,1,-296,0.33311,9.1173,3.037,0.831,-5.53108,6.96673,-0.64501,4.67862,167.2254,33.1139,0.7012,0.0582,4000,0.23372,1.002,0.34887,0.33324,0.31789,1.09747,0.03098,0.33278,0.32708,0.34013,0.00534,0.921,34.4,OK,ADMS_DF_5cube_d20p83_t0p70_s2,0.11576,0.11984,0.2557,0.0387,1.0538,0.13463,0.0509,0.04956000000000001,0.3342,0.9878,15.2035,3.002011,0.999979,-0.212379,1.540508,10.903261,-0.599656,0.755303,18.129858,0.709823,ADMS,df,quadratic,ADMS|df|16
ADMS,ADMS_raw_i15p0_d30p93_t0p5_s2_m1p6.stl,15.0,30.93,0.5,2,1.6,15.013,5632018,1,1,-890,0.34559,12.041,4.1612,0.874,-11.36204,16.92847,-0.97242,7.66298,218.6119,38.6137,0.5015,0.0156,4000,0.16716,1.003,0.35262,0.32578,0.3216,1.09645,0.03102,0.33275,0.332,0.33525,0.00139,0.959,34.8,OK,ADMS_raw_i15p0_d30p93_t0p5_s2_m1p6,0.13004,0.13391,0.2624,0.0508,1.1565,0.152585,0.060965,0.054845,0.3464877353303835,0.72094,20.8242,2.893602,0.999988,-0.233685,1.84151,9.279353,-0.656159,0.97762,12.624854,0.695594,ADMS,raw,quadratic,ADMS|raw|17
ADMS,ADMS_DF_i15p0_d36p0_t0p4_s2_m1p6.stl,15.0,36.0,0.4,2,1.6,15.021,7089344,1,1,-1874,0.35497,14.9729,5.3149,0.851,-18.29073,28.1026,-1.25429,10.17493,294.9602,44.9127,0.4019,0.0085,4000,0.13395,1.005,0.34799,0.32669,0.32533,1.06965,0.02266,0.33558,0.33248,0.33194,0.0016,0.947,39.8,OK,ADMS_DF_i15p0_d36p0_t0p4_s2_m1p6,0.14141,0.14601,0.259,0.0267,1.0037,0.16734000000000002,0.06193,0.05712,0.35664518,0.56445,26.6117,2.817139,0.999994,-0.235994,1.914405,8.45029,-0.647494,0.994836,10.441629,0.711935,ADMS,df,quadratic,ADMS|df|17
ADMS,ADMS_DF_i15p0_d24p87_t0p6_s2_m1p6.stl,15.0,24.87,0.6,2,1.6,15.012,4941812,1,1,-560,0.35976,10.296,3.704,0.841,-8.54952,12.43161,-0.86424,6.45055,197.4299,36.2589,0.6015,0.0361,4000,0.2005,1.002,0.34706,0.33031,0.32264,1.0757,0.02442,0.3304,0.33794,0.33166,0.00329,0.935,34.6,OK,ADMS_DF_i15p0_d24p87_t0p6_s2_m1p6,0.13255,0.13765,0.2519,0.0368,1.0615,0.15888,0.05784500000000001,0.05728,0.3607,0.80992,18.5352,2.779631,0.999976,-0.233321,1.741467,9.788885,-0.62313,0.906076,14.389646,0.74267,ADMS,df,quadratic,ADMS|df|18
ADMS,ADMS_DF_i15p0_d19p39_t0p87_s2_m1p6.stl,15.0,19.39,0.87,2,1.6,15.013,3488402,1,1,-240,0.36612,7.3451,2.6892,0.808,-5.44768,6.82326,-0.77262,4.65788,171.8762,33.7067,0.8723,0.1029,4000,0.29077,1.003,0.38126,0.31922,0.29952,1.27291,0.08174,0.32067,0.34712,0.3322,0.01083,0.898,37.9,OK,ADMS_DF_i15p0_d19p39_t0p87_s2_m1p6,0.11784,0.12458,0.2296,0.0774,0.9564,0.145435,0.038395,0.04646,0.36716705,1.11558,13.4576,2.731345,1.000004,-0.287306,1.732077,12.534155,-0.753302,0.943517,23.766948,0.781935,ADMS,df,quadratic,ADMS|df|18
ADMS,ADMS_DF_i15p0_d30p93_t0p5_s2_m1p6.stl,15.0,30.93,0.5,2,1.6,15.015,5887464,1,1,-1048,0.36859,12.0715,4.4494,0.859,-13.39905,20.68165,-1.13868,8.5952,252.709,41.5719,0.5019,0.0135,4000,0.16732,1.004,0.35716,0.32638,0.31646,1.12859,0.04069,0.33298,0.3395,0.32752,0.0049,0.947,36.6,OK,ADMS_DF_i15p0_d30p93_t0p5_s2_m1p6,0.14035,0.14506,0.2578,0.0378,0.9422,0.17126000000000002,0.057460000000000004,0.05311,0.3695,0.67424,22.2695,2.713042,0.999992,-0.255916,1.931751,9.343188,-0.676806,1.044662,12.764715,0.744479,ADMS,df,quadratic,ADMS|df|18
ADMS,ADMS_flow_i15p0_d20p14_t0p85_s2_m1p6.stl,15.0,20.14,0.85,2,1.6,15.011,3527436,1,1,-198,0.37254,7.2428,2.6983,0.868,-4.36784,6.33387,-0.68856,4.78911,152.7752,30.9508,0.8542,0.0469,4000,0.28474,1.005,0.36682,0.34202,0.29117,1.25981,0.07565,0.29936,0.35735,0.34329,0.0247,0.935,32.9,OK,ADMS_flow_i15p0_d20p14_t0p85_s2_m1p6,0.11061,0.11626,0.2369,0.1335,0.7897,0.153525,0.035165,0.041085,0.37322494,1.11184,13.501,2.684276,1.000025,-0.255189,1.774906,11.470767,-0.59994,0.869982,20.984279,0.768295,ADMS,flow,quadratic,ADMS|flow|18
ADMS,ADMS_raw_i15p0_d46p2_t0p36_s2_m1p6.stl,15.0,46.2,0.36,2,1.6,15.014,8273256,1,1,-2984,0.37417,16.2197,6.069,0.881,-26.1034,37.74712,-1.62323,11.86675,341.742,48.3348,0.3619,0.004,4000,0.12063,1.005,0.3476,0.33004,0.32236,1.07829,0.02524,0.33205,0.33404,0.33391,0.00091,0.971,34.9,OK,ADMS_raw_i15p0_d46p2_t0p36_s2_m1p6,0.15174,0.15657,0.2599,0.0377,1.1209,0.18161000000000002,0.06878999999999999,0.064155,0.37496755,0.49432,30.373,2.672582,1.000012,-0.267466,1.95533,7.96431,-0.708718,1.02485,9.278436,0.732094,ADMS,raw,quadratic,ADMS|raw|18
ADMS,ADMS_DF_i15p0_d20p83_t0p8_s1_m1p6.stl,15.0,20.83,0.8,1,1.6,15.024,3968056,1,1,-300,0.37763,7.9956,3.0193,0.821,-5.68151,7.43844,-0.75045,4.83313,164.8915,33.0082,0.8013,0.0791,4000,0.2671,1.002,0.34926,0.33325,0.31749,1.10006,0.03177,0.33274,0.32692,0.34034,0.00549,0.91,40.4,OK,ADMS_DF_i15p0_d20p83_t0p8_s1_m1p6,0.1432,0.14849,0.2537,0.0347,1.0479,0.167115,0.06182000000000001,0.06115,0.379,0.99358,15.1211,2.648095,0.999974,-0.248545,1.600704,10.932118,-0.623202,0.815918,18.08686,0.806476,ADMS,df,quadratic,ADMS|df|18
ADMS,ADMS_raw_i15p0_d30p93_t0p55_s2_m1p6.stl,15.0,30.93,0.55,2,1.6,15.012,5565916,1,1,-890,0.37816,10.8991,4.1216,0.867,-11.57126,17.22144,-1.09053,7.7513,227.9485,39.2595,0.5517,0.021,4000,0.18389,1.003,0.35292,0.32569,0.32139,1.09811,0.03153,0.33278,0.332,0.33522,0.00137,0.954,36.2,OK,ADMS_raw_i15p0_d30p93_t0p55_s2_m1p6,0.15138,0.15607,0.2609,0.0476,1.1427,0.177165,0.069885,0.06364,0.3789829110572379,0.72787,20.6246,2.644383,0.999999,-0.264589,1.880651,9.525297,-0.681159,1.013764,13.41851,0.757922,ADMS,raw,quadratic,ADMS|raw|18
ADMS,ADMS_DF_i15p0_d39p6_t0p41_s2_m1p6.stl,15.0,39.6,0.41,2,1.6,15.025,7407520,1,1,-2222,0.37826,14.7102,5.5642,0.846,-21.40117,32.64988,-1.47234,10.97334,316.501,46.7338,0.4082,0.0089,4000,0.13608,0.996,0.35509,0.32679,0.31812,1.11619,0.03696,0.32688,0.33886,0.33427,0.00493,0.945,32.3,OK,ADMS_DF_i15p0_d39p6_t0p41_s2_m1p6,0.15914,0.16403,0.2612,0.0316,0.9758,0.201885,0.06783,0.062095000000000004,0.37965663,0.53915,27.8679,2.643684,0.999986,-0.264606,1.972104,8.398894,-0.691225,1.054541,10.222499,0.757187,ADMS,df,quadratic,ADMS|df|18
ADMS,ADMS_raw_i15p0_d36p28_t0p47_s2_m1p6.stl,15.0,36.28,0.47,2,1.6,15.013,6466968,1,1,-1412,0.37831,12.6273,4.7771,0.873,-15.82064,23.98791,-1.28418,9.35916,265.4167,42.7341,0.4708,0.0142,4000,0.15694,1.002,0.35386,0.32912,0.31702,1.11621,0.03684,0.3305,0.3432,0.3263,0.00718,0.961,31.2,OK,ADMS_raw_i15p0_d36p28_t0p47_s2_m1p6,0.1484,0.15348,0.2569,0.0381,1.101,0.17342500000000002,0.06379,0.06045,0.37920737,0.628,23.9061,2.643335,1.000014,-0.268824,1.959199,8.945739,-0.693278,1.051177,11.630854,0.749708,ADMS,raw,quadratic,ADMS|raw|18
ADMS,ADMS_raw_i15p0_d25p77_t0p68_s2_m1p6.stl,15.0,25.77,0.68,2,1.6,15.012,4582336,1,1,-502,0.38448,8.8838,3.4156,0.876,-8.4218,12.92429,-0.96926,6.73929,193.3601,35.9906,0.6826,0.0193,4000,0.22754,1.004,0.35132,0.33124,0.31743,1.10676,0.03389,0.32672,0.33922,0.33406,0.00513,0.946,30.2,OK,ADMS_raw_i15p0_d25p77_t0p68_s2_m1p6,0.14127,0.14678,0.2512,0.0389,1.0948,0.16646999999999998,0.0582,0.058685,0.38524491,0.87831,17.0919,2.600916,0.999987,-0.283771,1.973066,10.53699,-0.721871,1.107801,16.573789,0.777196,ADMS,raw,quadratic,ADMS|raw|19
ADMS,ADMS_flow_i15p0_d42p0_t0p4_s2_m1p6.stl,15.0,42.0,0.4,2,1.6,15.015,7533560,1,1,-2050,0.38688,14.5844,5.6424,0.893,-19.99948,28.64702,-1.47268,10.69743,433.7679,50.7869,0.4019,0.0153,4000,0.13398,1.005,0.36021,0.32627,0.31352,1.14893,0.04669,0.33325,0.32968,0.33707,0.00302,0.968,42.4,OK,ADMS_flow_i15p0_d42p0_t0p4_s2_m1p6,0.14055,0.14558,0.2551,0.0495,0.8904,0.18126,0.05639,0.05367,0.3876007383316258,0.53169,28.2401,2.584781,0.999998,-0.261002,1.895896,9.000919,-0.628187,0.899808,13.624724,0.75597,ADMS,flow,quadratic,ADMS|flow|19
ADMS,ADMS_flow_i15p0_d55p0_t0p3_s2_m1p6.stl,15.0,55.0,0.3,2,1.6,15.022,9960212,1,1,-4736,0.38827,19.0905,7.4123,0.896,-34.08075,44.55927,-1.90621,13.69135,641.4115,61.2838,0.3037,0.0116,4000,0.10124,1.012,0.36791,0.32033,0.31175,1.18014,0.05616,0.338,0.32834,0.33365,0.00395,0.976,40.1,OK,ADMS_flow_i15p0_d55p0_t0p3_s2_m1p6,0.15019,0.15527,0.2574,0.0435,0.9229,0.186605,0.06172,0.058505,0.3889406,0.40473,37.1161,2.575527,1.000004,-0.25717,1.84712,8.267887,-0.620307,0.811028,11.674397,0.750418,ADMS,flow,quadratic,ADMS|flow|19
ADMS,ADMS_flow_i15p0_d21p2_t0p85_s2_m1p6.stl,15.0,21.2,0.85,2,1.6,15.011,3675728,1,1,-232,0.38969,7.2203,2.8137,0.867,-4.95131,7.26834,-0.75979,5.11624,164.7847,32.3041,0.8514,0.0418,4000,0.28381,1.002,0.3598,0.33887,0.30133,1.19402,0.05847,0.35971,0.30954,0.33075,0.02056,0.935,34.7,OK,ADMS_flow_i15p0_d21p2_t0p85_s2_m1p6,0.12863,0.13367,0.251,0.0899,0.8158,0.155235,0.045335,0.044480000000000006,0.39034974,1.06622,14.0787,2.566142,1.000008,-0.270034,1.818345,11.481091,-0.625419,0.918092,20.814591,0.79855,ADMS,flow,quadratic,ADMS|flow|19
ADMS,ADMS_raw_i15p0_d36p86_t0p49_s2_m1p6.stl,15.0,36.86,0.49,2,1.6,15.013,6395320,1,1,-1420,0.38975,12.1446,4.7334,0.872,-16.12932,23.91785,-1.35423,9.34777,278.5295,43.3793,0.4878,0.0137,4000,0.16259,0.995,0.35138,0.32791,0.32071,1.09564,0.03067,0.32923,0.34019,0.33058,0.00488,0.96,35.8,OK,ADMS_raw_i15p0_d36p86_t0p49_s2_m1p6,0.15821,0.16346,0.2583,0.0327,1.0919,0.188455,0.069465,0.06535,0.39054539,0.6338,23.6873,2.565747,1.000009,-0.286103,1.974871,9.164593,-0.719909,1.067538,12.431757,0.769597,ADMS,raw,quadratic,ADMS|raw|19
ADMS,ADMS_raw_i15p0_d46p2_t0p38_s2_m1p6.stl,15.0,46.2,0.38,2,1.6,15.014,8202896,1,1,-2972,0.39368,15.293,6.0205,0.878,-26.29697,38.05207,-1.7332,11.92355,366.9346,49.6994,0.382,0.0063,4000,0.12733,1.005,0.34775,0.32999,0.32226,1.07912,0.0255,0.33204,0.33403,0.33393,0.00091,0.969,35.2,OK,ADMS_raw_i15p0_d46p2_t0p38_s2_m1p6,0.16515,0.17051,0.2591,0.0365,1.1162,0.1974,0.07435,0.069715,0.39444557,0.49829,30.131,2.540134,0.999992,-0.287881,1.980476,8.254963,-0.725494,1.049799,10.123171,0.766596,ADMS,raw,quadratic,ADMS|raw|19
ADMS,ADMS_DF_i15p0_d39p6_t0p43_s2_m1p6.stl,15.0,39.6,0.43,2,1.6,15.025,7347080,0,1,-2227,0.39734,13.9075,5.5261,0.844,-21.64437,32.78756,-1.57021,11.00743,331.5216,47.5217,0.4302,0.012,4000,0.14341,1.001,0.35532,0.32672,0.31797,1.11746,0.03735,0.3268,0.3389,0.33429,0.00499,0.942,32.7,OK,ADMS_DF_i15p0_d39p6_t0p43_s2_m1p6,0.17266,0.17809,0.2604,0.0296,0.9774,0.21811,0.073205,0.06747,0.39893668,0.54289,27.676,2.516736,1.000017,-0.284149,1.991932,8.599647,-0.708798,1.073708,10.856482,0.792485,ADMS,df,quadratic,ADMS|df|19
ADMS,ADMS_DF_i15p0_d20p83_t0p85_s2_m1p6.stl,15.0,20.83,0.85,2,1.6,15.016,3939888,1,1,-306,0.40118,7.5009,3.0092,0.816,-5.76897,7.65608,-0.81029,4.92488,168.1829,33.331,0.8543,0.0884,4000,0.28477,1.005,0.34927,0.33372,0.31701,1.10177,0.03226,0.3324,0.32712,0.34048,0.0055,0.904,34.5,OK,ADMS_DF_i15p0_d20p83_t0p85_s2_m1p6,0.15837,0.16432,0.2529,0.0328,1.0447,0.185,0.06775,0.06746,0.40230128,0.99694,15.0621,2.492647,0.999996,-0.26927,1.636602,11.076325,-0.637079,0.845476,18.572764,0.856933,ADMS,df,quadratic,ADMS|df|20
ADMS,ADMS_flow_i15p0_d55p0_t0p32_s2_m1p6.stl,15.0,55.0,0.32,2,1.6,15.027,9871572,1,1,-4634,0.40603,18.1034,7.3504,0.894,-33.67771,44.38087,-2.00876,13.64062,694.0982,62.7611,0.3183,0.0093,4000,0.1061,0.995,0.36812,0.32025,0.31164,1.18125,0.05648,0.33802,0.32833,0.33365,0.00396,0.974,40.4,OK,ADMS_flow_i15p0_d55p0_t0p32_s2_m1p6,0.16174,0.16738,0.2562,0.0426,0.9268,0.20027999999999999,0.066,0.06316,0.40694608,0.40813,36.8192,2.462872,0.999983,-0.273281,1.855734,8.538317,-0.623313,0.821409,12.846487,0.779891,ADMS,flow,quadratic,ADMS|flow|20
ADMS,ADMS_raw_i15p0_d27p52_t0p67_s2_m1p6.stl,15.0,27.52,0.67,2,1.6,15.011,4980600,1,1,-596,0.40724,9.0246,3.6752,0.875,-9.17751,14.71521,-1.03386,7.27313,191.5807,36.1298,0.6697,0.0195,4000,0.22324,1.0,0.34572,0.32841,0.32586,1.06095,0.01986,0.33155,0.33855,0.3299,0.00375,0.947,31.6,OK,ADMS_raw_i15p0_d27p52_t0p67_s2_m1p6,0.17024,0.17529,0.2626,0.0652,1.2461,0.20312000000000002,0.07911,0.072405,0.40806898,0.81629,18.3893,2.455554,1.000006,-0.281309,1.978987,9.830762,-0.679467,1.089456,14.183878,0.820447,ADMS,raw,quadratic,ADMS|raw|20
ADMS,ADMS_raw_i15p0_d46p2_t0p4_s2_m1p6.stl,15.0,46.2,0.4,2,1.6,15.014,8129120,1,1,-2956,0.41207,14.4906,5.9712,0.874,-26.45936,38.15306,-1.84045,11.97272,394.0739,51.1448,0.4011,0.0074,4000,0.13371,1.003,0.34789,0.32996,0.32215,1.07991,0.02574,0.33203,0.33404,0.33393,0.00093,0.967,35.3,OK,ADMS_raw_i15p0_d46p2_t0p4_s2_m1p6,0.17825,0.18408,0.2588,0.0353,1.1122,0.21295999999999998,0.07988,0.075075,0.41281274,0.50242,29.8834,2.426772,1.00001,-0.308224,2.005097,8.56533,-0.742104,1.070076,11.052561,0.798401,ADMS,raw,quadratic,ADMS|raw|20
ADMS,ADMS_flow_i15p0_d22p26_t0p85_s2_m1p6.stl,15.0,22.26,0.85,2,1.6,15.011,3850836,1,1,-270,0.41208,7.1712,2.9551,0.863,-5.20045,8.24204,-0.84021,5.53647,189.4719,34.0544,0.8486,0.0469,4000,0.28285,0.998,0.35423,0.32548,0.32029,1.10596,0.03394,0.3249,0.34467,0.33043,0.00833,0.933,35.8,OK,ADMS_flow_i15p0_d22p26_t0p85_s2_m1p6,0.13601,0.14231,0.2425,0.0882,0.8227,0.17168,0.04402999999999999,0.048235,0.41298223,1.01519,14.7864,2.426713,0.999997,-0.284325,1.873525,11.52391,-0.595517,0.943817,21.696919,0.835852,ADMS,flow,quadratic,ADMS|flow|20
ADMS,ADMS_DF_i15p0_d21p56_t0p86_s2_m1p6.stl,15.0,21.56,0.86,2,1.6,15.015,3929444,1,1,-334,0.41322,7.2381,2.9909,0.829,-6.39345,8.97848,-0.92296,5.43306,182.0767,34.2627,0.8665,0.0881,4000,0.28882,1.008,0.35346,0.3391,0.30744,1.14969,0.04602,0.31067,0.33775,0.35158,0.01699,0.909,35.5,OK,ADMS_DF_i15p0_d21p56_t0p86_s2_m1p6,0.16511,0.1717,0.2501,0.0677,1.076,0.20626999999999998,0.071105,0.07301,0.41429542,1.00303,14.9696,2.420018,0.999991,-0.308587,1.816513,11.455543,-0.714699,1.00367,20.353662,0.86384,ADMS,df,quadratic,ADMS|df|20
ADMS,ADMS_DF_i15p0_d24p87_t0p7_s2_m1p6.stl,15.0,24.87,0.7,2,1.6,15.012,4846118,1,1,-560,0.41542,8.7945,3.6534,0.829,-8.81686,13.12338,-1.03968,6.65144,202.6604,36.8454,0.7017,0.0548,4000,0.23389,1.002,0.34744,0.33021,0.32235,1.07784,0.02509,0.33045,0.33794,0.33161,0.00329,0.923,42.3,OK,ADMS_DF_i15p0_d24p87_t0p7_s2_m1p6,0.17074,0.17729,0.252,0.0303,1.0491,0.204355,0.07364,0.07275999999999999,0.4164,0.82115,18.2817,2.407202,0.999997,-0.284578,1.820611,10.085205,-0.660567,0.983215,15.183496,0.854496,ADMS,df,quadratic,ADMS|df|20
ADMS,ADMS_DF_i15p0_d39p6_t0p45_s2_m1p6.stl,15.0,39.6,0.45,2,1.6,15.028,7282396,1,1,-2230,0.41618,13.1809,5.4856,0.841,-21.86612,32.83872,-1.67134,11.03937,353.2141,48.6372,0.4522,0.0145,4000,0.15072,1.005,0.35556,0.32663,0.31781,1.11876,0.03775,0.32677,0.33896,0.33427,0.00502,0.939,34.4,OK,ADMS_DF_i15p0_d39p6_t0p45_s2_m1p6,0.18632,0.19227,0.2597,0.0288,0.9787,0.23482,0.078675,0.072875,0.41780834,0.54688,27.4795,2.402806,0.999995,-0.304676,2.012417,8.866297,-0.72664,1.091274,11.737767,0.826794,ADMS,df,quadratic,ADMS|df|20
ADMS,ADMS_raw_i15p0_d30p93_t0p62_s2_m1p6.stl,15.0,30.93,0.62,2,1.6,15.012,5455972,1,1,-866,0.4227,9.5912,4.0543,0.857,-11.55998,17.47223,-1.26311,7.84754,253.5181,40.9441,0.6217,0.0313,4000,0.20724,1.003,0.35335,0.32564,0.321,1.10079,0.03235,0.33289,0.33195,0.33516,0.00135,0.946,39.3,OK,ADMS_raw_i15p0_d30p93_t0p62_s2_m1p6,0.18323,0.18917,0.2592,0.0433,1.125,0.213965,0.08302,0.076585,0.4233369160014871,0.73997,20.2873,2.365744,1.000025,-0.311556,1.935657,10.09918,-0.70331,1.063011,15.424056,0.840192,ADMS,raw,quadratic,ADMS|raw|21
ADMS,ADMS_flow_i15p0_d55p0_t0p33_s2_m1p6.stl,15.0,55.0,0.33,2,1.6,15.027,9779840,1,1,-4516,0.42373,17.1942,7.2858,0.892,-33.22206,44.35378,-2.11183,13.63895,753.411,64.3748,0.3331,0.0119,4000,0.11102,1.009,0.36835,0.32017,0.31148,1.18256,0.05686,0.33802,0.32831,0.33366,0.00397,0.972,43.2,OK,ADMS_flow_i15p0_d55p0_t0p33_s2_m1p6,0.17395,0.18016,0.2551,0.0414,0.9314,0.21468,0.07054,0.068115,0.42480562,0.41177,36.4937,2.359993,1.000014,-0.28986,1.872017,8.835776,-0.62587,0.83558,14.193503,0.808858,ADMS,flow,quadratic,ADMS|flow|21
ADMS,ADMS_flow_i15p0_d46p0_t0p4_s2_m1p6.stl,15.0,46.0,0.4,2,1.6,15.02,8165932,1,1,-2614,0.42604,14.3424,6.1105,0.887,-23.09266,33.45079,-1.78498,11.70947,592.6705,57.4486,0.4019,0.0149,4000,0.13398,1.005,0.35581,0.32713,0.31706,1.1222,0.03875,0.33653,0.33823,0.32524,0.00577,0.967,45.2,OK,ADMS_flow_i15p0_d46p0_t0p4_s2_m1p6,0.17127,0.17747,0.2546,0.0447,0.9361,0.208035,0.06722500000000001,0.064395,0.4273695438335787,0.49096,30.5931,2.347197,1.00001,-0.29212,1.916307,9.401718,-0.618486,0.895905,15.873361,0.818676,ADMS,flow,quadratic,ADMS|flow|21
ADMS,ADMS_DF_i15p0_d30p22_t0p59_s2_m1p6.stl,15.0,30.22,0.59,2,1.6,15.02,5774300,1,1,-1078,0.42649,10.2239,4.3604,0.841,-13.84211,20.96117,-1.38449,8.66484,279.4881,43.0161,0.5909,0.0335,4000,0.19697,1.002,0.36025,0.32543,0.31432,1.14612,0.04593,0.33305,0.3275,0.33946,0.00489,0.93,32.1,OK,ADMS_DF_i15p0_d30p22_t0p59_s2_m1p6,0.18503,0.1917,0.2548,0.0327,1.01,0.227045,0.075,0.0729,0.42747307,0.68801,21.8311,2.344721,1.000002,-0.317515,1.98717,9.865193,-0.728034,1.102465,14.699834,0.858866,ADMS,df,quadratic,ADMS|df|21
ADMS,ADMS_DF_i9p0_d20p83_t0p8_s1_m1p6.stl,9.0,20.83,0.8,1,1.6,9.011,993204,1,1,-84,0.429,8.1304,3.488,0.81,-6.04501,8.31855,-0.84622,5.17564,181.3135,34.5086,0.8012,0.0907,4000,0.26706,1.001,0.36695,0.32219,0.31086,1.18047,0.0561,0.3131,0.36344,0.32346,0.0217,0.886,22.8,OK,ADMS_DF_i9p0_d20p83_t0p8_s1_m1p6,0.15857,0.16682,0.2357,0.0984,1.1581,0.185805,0.058065,0.06379,0.4303844026684285,0.86011,10.4766,2.331002,1.000017,-0.242613,1.483867,9.893686,-0.496888,0.683769,14.903619,0.93149,ADMS,df,quadratic,ADMS|df|21
ADMS,ADMS_raw_i15p0_d36p0_t0p55_s2_m1p6.stl,15.0,36.0,0.55,2,1.6,15.013,6148548,1,1,-1290,0.43053,10.6092,4.5676,0.879,-15.69182,24.10413,-1.53707,9.57084,318.9084,45.2698,0.5521,0.0154,4000,0.18402,1.004,0.34793,0.33155,0.32051,1.08554,0.02742,0.33765,0.32774,0.33461,0.00415,0.956,46.6,OK,ADMS_raw_i15p0_d36p0_t0p55_s2_m1p6,0.18386,0.1904,0.2553,0.0275,1.0615,0.217345,0.07658000000000001,0.074105,0.4313504968850673,0.6568,22.8578,2.322719,1.000005,-0.336517,2.095386,9.911115,-0.752144,1.155365,15.286,0.840526,ADMS,raw,quadratic,ADMS|raw|21
ADMS,ADMS_raw_i15p0_d46p2_t0p42_s2_m1p6.stl,15.0,46.2,0.42,2,1.6,15.014,8046324,1,1,-2938,0.43117,13.7194,5.9154,0.871,-26.63579,38.12256,-1.95713,11.99585,430.9637,52.9684,0.4212,0.0088,4000,0.14041,1.003,0.34803,0.32993,0.32204,1.08072,0.02599,0.33202,0.33406,0.33392,0.00093,0.964,35.7,OK,ADMS_raw_i15p0_d46p2_t0p42_s2_m1p6,0.19278,0.1992,0.2581,0.0337,1.1063,0.23038,0.08579,0.08101000000000001,0.43174227,0.50715,29.6047,2.319271,1.000001,-0.330854,2.027904,8.954332,-0.761199,1.089469,12.316105,0.83058,ADMS,raw,quadratic,ADMS|raw|21
ADMS,ADMS_flow_i15p0_d23p31_t0p84_s2_m1p6.stl,15.0,23.31,0.84,2,1.6,15.021,4059772,1,1,-320,0.43422,7.163,3.1104,0.853,-5.88485,9.29189,-0.94947,5.88077,237.3767,36.8222,0.8456,0.0661,4000,0.28187,1.007,0.37105,0.3237,0.30525,1.21555,0.0658,0.31978,0.35691,0.32331,0.01673,0.928,36.5,OK,ADMS_flow_i15p0_d23p31_t0p84_s2_m1p6,0.15589,0.16318,0.2419,0.1413,0.8971,0.21579,0.052750000000000005,0.05593,0.43564389,0.96453,15.5734,2.30298,1.000026,-0.305265,1.89073,11.838726,-0.608311,0.960494,24.5374,0.876705,ADMS,flow,quadratic,ADMS|flow|21
ADMS,ADMS_DF_i15p0_d39p6_t0p47_s2_m1p6.stl,15.0,39.6,0.47,2,1.6,15.026,7214588,1,1,-2230,0.43464,12.5162,5.44,0.839,-22.03657,32.9339,-1.77545,11.05638,377.6569,49.9892,0.4741,0.0198,4000,0.15804,1.009,0.35584,0.32655,0.31761,1.12034,0.03822,0.32666,0.33906,0.33428,0.0051,0.936,36.1,OK,ADMS_DF_i15p0_d39p6_t0p47_s2_m1p6,0.20047,0.20699,0.2591,0.0278,0.9796,0.252015,0.08425,0.07851,0.43649233,0.55147,27.2472,2.300755,0.999992,-0.326367,2.032407,9.189122,-0.744628,1.112856,12.761245,0.859744,ADMS,df,quadratic,ADMS|df|21
ADMS,ADMS_raw_i15p0_d29p86_t0p67_s2_m1p6.stl,15.0,29.86,0.67,2,1.6,15.012,5204660,1,1,-712,0.43595,8.8567,3.8611,0.849,-9.96262,15.61794,-1.21826,7.48858,247.5459,39.9545,0.6756,0.0406,4000,0.22521,1.008,0.35452,0.3278,0.31768,1.11596,0.03684,0.33853,0.33049,0.33099,0.00368,0.941,33.0,OK,ADMS_raw_i15p0_d29p86_t0p67_s2_m1p6,0.18819,0.19478,0.256,0.0458,1.1486,0.217725,0.08292999999999999,0.07844999999999999,0.4368948,0.77699,19.3207,2.293841,1.000006,-0.315523,1.939505,10.348016,-0.668277,1.047627,16.604986,0.869553,ADMS,raw,quadratic,ADMS|raw|21
ADMS,ADMS_DF_i15p0_d30p93_t0p6_s2_m1p6.stl,15.0,30.93,0.6,2,1.6,15.014,5717486,1,1,-1048,0.43649,9.9528,4.3443,0.845,-13.90104,21.39308,-1.42615,8.81989,294.5744,43.9433,0.6021,0.0269,4000,0.20071,1.004,0.3581,0.32608,0.31581,1.1339,0.04229,0.33301,0.33966,0.32733,0.00504,0.934,39.5,OK,ADMS_DF_i15p0_d30p93_t0p6_s2_m1p6,0.18862,0.19529,0.2556,0.0312,0.9536,0.2298,0.076655,0.072185,0.4377,0.69056,21.7418,2.291003,1.000001,-0.328281,2.030222,10.115168,-0.73656,1.133533,15.608309,0.871944,ADMS,df,quadratic,ADMS|df|21
ADMS,ADMS_DF_i15p0_d39p6_t0p49_s2_m1p6.stl,15.0,39.6,0.49,2,1.6,15.031,7142276,1,1,-2214,0.45268,11.9035,5.3885,0.836,-22.07625,33.01895,-1.88347,11.08479,415.5879,51.7684,0.4962,0.0232,4000,0.1654,1.013,0.35611,0.32647,0.31742,1.12187,0.03868,0.32658,0.33913,0.33429,0.00517,0.933,34.1,OK,ADMS_DF_i15p0_d39p6_t0p49_s2_m1p6,0.21487,0.22192,0.2587,0.0262,0.9806,0.26926500000000003,0.09009,0.08419499999999999,0.45511199,0.55674,26.9982,2.209066,1.000004,-0.349537,2.057129,9.607243,-0.760315,1.137185,14.313008,0.891254,ADMS,df,quadratic,ADMS|df|22
ADMS,ADMS_flow_i15p0_d50p0_t0p4_s2_m1p6.stl,15.0,50.0,0.4,2,1.6,15.017,8612310,1,1,-3168,0.45733,14.0833,6.4407,0.885,-27.04388,38.09121,-2.14623,12.62805,828.2945,65.5092,0.4022,0.0188,4000,0.13407,1.005,0.35709,0.32311,0.3198,1.1166,0.03729,0.32743,0.33581,0.33676,0.00419,0.966,46.9,OK,ADMS_flow_i15p0_d50p0_t0p4_s2_m1p6,0.19473,0.20189,0.2539,0.0345,0.9225,0.24229,0.07718,0.075055,0.4582950799398958,0.46579,32.2399,2.186605,0.999998,-0.333229,1.960659,10.171106,-0.65193,0.918241,19.967171,0.863507,ADMS,flow,quadratic,ADMS|flow|22
ADMS,ADMS_flow_i15p0_d55p0_t0p36_s2_m1p6.stl,15.0,55.0,0.36,2,1.6,15.021,9570146,1,1,-4348,0.45976,15.5211,7.136,0.887,-32.81388,44.48586,-2.32803,13.70807,898.4097,68.4259,0.364,0.0152,4000,0.12132,1.011,0.36882,0.32005,0.31113,1.18544,0.0577,0.33806,0.32832,0.33362,0.00398,0.969,40.5,OK,ADMS_flow_i15p0_d55p0_t0p36_s2_m1p6,0.19958,0.20698,0.2535,0.0394,0.9385,0.245285,0.08022,0.078455,0.46133789,0.4204,35.7303,2.175048,1.000003,-0.326238,1.920979,9.588857,-0.644392,0.873604,17.642782,0.865737,ADMS,flow,quadratic,ADMS|flow|23
ADMS,ADMS_raw_i15p0_d42p0_t0p5_s2_m1p6.stl,15.0,42.0,0.5,2,1.6,15.013,7138220,1,1,-2086,0.46025,11.4561,5.2727,0.864,-21.38133,31.82782,-1.94732,10.97319,446.9009,52.5456,0.502,0.0166,4000,0.16734,1.004,0.35134,0.32727,0.32139,1.09321,0.02996,0.32697,0.33763,0.33541,0.00459,0.957,39.0,OK,ADMS_raw_i15p0_d42p0_t0p5_s2_m1p6,0.21033,0.21787,0.255,0.032,1.082,0.25603000000000004,0.09115000000000001,0.08741,0.4610593674776092,0.56897,26.3863,2.172732,1.000006,-0.369323,2.081145,9.965653,-0.769084,1.144842,16.074965,0.882329,ADMS,raw,quadratic,ADMS|raw|23
ADMS,ADMS_raw_i15p0_d39p2_t0p55_s2_m1p6.stl,15.0,39.2,0.55,2,1.6,15.012,6538404,1,1,-1570,0.46099,10.4961,4.8386,0.858,-17.58766,26.97219,-1.83022,10.07626,444.8706,51.6324,0.55,0.0229,4000,0.18333,1.0,0.35561,0.32589,0.3185,1.11651,0.03711,0.33499,0.33384,0.33117,0.0016,0.952,34.5,OK,ADMS_raw_i15p0_d39p2_t0p55_s2_m1p6,0.21481,0.222,0.2579,0.0357,1.0976,0.261235,0.09346,0.08837,0.46160332,0.62001,24.2125,2.169244,1.000001,-0.378254,2.082476,10.670944,-0.751223,1.152066,19.001802,0.88706,ADMS,raw,quadratic,ADMS|raw|23
ADMS,ADMS_flow_i15p0_d24p37_t0p84_s2_m1p6.stl,15.0,24.37,0.84,2,1.6,15.014,4281870,1,1,-378,0.4627,7.0924,3.2817,0.858,-6.82319,11.148,-1.11864,6.50624,279.0393,39.5428,0.8429,0.0486,4000,0.28095,1.003,0.36115,0.33389,0.30496,1.18425,0.05619,0.32765,0.33723,0.33512,0.00411,0.93,39.8,OK,ADMS_flow_i15p0_d24p37_t0p84_s2_m1p6,0.18385,0.19133,0.2492,0.0591,0.8466,0.22954,0.066835,0.06876,0.46363407,0.91417,16.4236,2.161228,1.000014,-0.340877,1.98261,12.049657,-0.633581,1.03517,25.910747,0.921981,ADMS,flow,quadratic,ADMS|flow|23
ADMS,ADMS_raw_i15p0_d31p02_t0p68_s2_m1p6.stl,15.0,31.02,0.68,2,1.6,15.012,5415220,1,1,-874,0.46274,8.699,4.0254,0.849,-11.87862,18.21555,-1.44235,8.11641,298.7094,43.464,0.6778,0.0381,4000,0.22595,0.997,0.34847,0.33052,0.32101,1.08554,0.02746,0.3299,0.33649,0.33361,0.0027,0.941,34.8,OK,ADMS_raw_i15p0_d31p02_t0p68_s2_m1p6,0.21111,0.21833,0.257,0.0408,1.1315,0.24859,0.09263,0.08694,0.46346301,0.74527,20.143,2.161041,1.000006,-0.358314,2.016311,10.797503,-0.733083,1.124164,18.434703,0.909534,ADMS,raw,quadratic,ADMS|raw|23
ADMS,ADMS_DF_i15p0_d30p94_t0p63_s2_m1p6.stl,15.0,30.94,0.63,2,1.6,15.027,5737404,1,1,-1090,0.46345,9.3976,4.3553,0.838,-14.10472,21.70049,-1.5434,8.8922,321.5964,45.265,0.634,0.0367,4000,0.21135,1.006,0.35779,0.32627,0.31594,1.13247,0.04185,0.33908,0.33066,0.33025,0.00407,0.927,33.8,OK,ADMS_DF_i15p0_d30p94_t0p63_s2_m1p6,0.21293,0.22053,0.2552,0.0274,0.9712,0.258065,0.08486,0.081555,0.46509156,0.68881,21.8159,2.15773,0.999996,-0.354371,2.041688,10.393042,-0.743575,1.14401,16.953973,0.920496,ADMS,df,quadratic,ADMS|df|23
ADMS,ADMS_raw_i15p0_d46p2_t0p46_s2_m1p6.stl,15.0,46.2,0.46,2,1.6,15.013,7871112,1,1,-2796,0.46757,12.3935,5.7949,0.863,-25.98335,38.07222,-2.19138,12.03663,530.4966,57.0925,0.4602,0.0143,4000,0.15339,1.0,0.34828,0.32993,0.32179,1.08231,0.02649,0.33202,0.3341,0.33389,0.00093,0.959,36.8,OK,ADMS_raw_i15p0_d46p2_t0p46_s2_m1p6,0.22153,0.22898,0.2577,0.031,1.0972,0.26477,0.09784000000000001,0.09261,0.46802226,0.5177,28.9994,2.138717,1.000012,-0.378161,2.077133,9.852319,-0.773774,1.133775,15.797974,0.888869,ADMS,raw,quadratic,ADMS|raw|23
ADMS,ADMS_DF_i15p0_d24p87_t0p8_s2_m1p6.stl,15.0,24.87,0.8,2,1.6,15.011,4727388,1,1,-558,0.46916,7.6435,3.586,0.816,-9.04973,13.61928,-1.2327,6.84596,233.7926,38.7397,0.8017,0.0732,4000,0.26723,1.002,0.34793,0.33019,0.32188,1.08092,0.02605,0.33022,0.33814,0.33164,0.00345,0.909,46.6,OK,ADMS_DF_i15p0_d24p87_t0p8_s2_m1p6,0.2118,0.21989,0.2522,0.026,1.0386,0.25366,0.090755,0.08949,0.4701,0.83658,17.9433,2.131469,0.999993,-0.343751,1.909067,10.802966,-0.703735,1.059077,18.180435,0.958293,ADMS,df,quadratic,ADMS|df|23
ADMS,ADMS_DF_i15p0_d39p6_t0p52_s2_m1p6.stl,15.0,39.6,0.52,2,1.6,15.027,7065594,1,1,-2188,0.47116,11.3356,5.3409,0.833,-22.09277,33.06555,-1.99325,11.13958,463.338,53.8412,0.5182,0.0257,4000,0.17273,0.996,0.35642,0.32635,0.31723,1.12352,0.03918,0.32651,0.33914,0.33435,0.00521,0.93,34.7,OK,ADMS_DF_i15p0_d39p6_t0p52_s2_m1p6,0.23003,0.23767,0.2582,0.0251,0.9815,0.28763500000000003,0.09616,0.09025,0.47307625,0.56171,26.7522,2.122421,1.000004,-0.373206,2.085719,10.080958,-0.774505,1.159177,16.243218,0.92253,ADMS,df,quadratic,ADMS|df|23
ADMS,ADMS_flow_i15p0_d55p0_t0p38_s2_m1p6.stl,15.0,55.0,0.38,2,1.6,15.023,9459888,1,1,-4222,0.477,14.791,7.0553,0.885,-32.29584,44.54647,-2.43546,13.76114,972.0653,70.6142,0.3791,0.0166,4000,0.12637,0.998,0.36906,0.31998,0.31096,1.18683,0.0581,0.3381,0.32831,0.3336,0.004,0.967,40.9,OK,ADMS_flow_i15p0_d55p0_t0p38_s2_m1p6,0.2128,0.22081,0.2528,0.0384,0.942,0.26083,0.085185,0.083735,0.47855353,0.42521,35.3308,2.096436,0.999999,-0.345195,1.950467,10.008664,-0.648806,0.894914,19.528263,0.891579,ADMS,flow,quadratic,ADMS|flow|23
ADMS,ADMS_flow_i15p0_d24p37_t0p88_s2_m1p6.stl,15.0,24.37,0.88,2,1.6,15.019,4235840,1,1,-368,0.48073,6.7628,3.2511,0.853,-6.74154,11.14925,-1.16936,6.53598,303.0605,40.5013,0.8799,0.0491,4000,0.29329,1.0,0.36127,0.33397,0.30476,1.18542,0.05651,0.32762,0.3372,0.33519,0.00412,0.926,43.0,OK,ADMS_flow_i15p0_d24p37_t0p88_s2_m1p6,0.19768,0.20582,0.2486,0.057,0.853,0.24633,0.07188,0.074215,0.48174902,0.92277,16.276,2.08017,1.000006,-0.359683,2.010402,12.457795,-0.637828,1.054849,28.673044,0.95351,ADMS,flow,quadratic,ADMS|flow|24
ADMS,ADMS_DF_i15p0_d24p44_t0p87_s2_m1p6.stl,15.0,24.44,0.87,2,1.6,15.019,4469264,1,1,-490,0.48246,7.0809,3.4162,0.806,-8.26095,12.31384,-1.23926,6.45078,244.6055,38.9339,0.8717,0.0984,4000,0.29058,1.002,0.36176,0.3204,0.31784,1.13817,0.04392,0.33236,0.32983,0.33781,0.00333,0.898,41.8,OK,ADMS_DF_i15p0_d24p44_t0p87_s2_m1p6,0.22645,0.23464,0.2546,0.0256,1.0216,0.268435,0.09292,0.089165,0.48374677,0.87816,17.1028,2.072711,0.999985,-0.362754,1.888263,11.396674,-0.707832,1.055101,20.958812,0.992694,ADMS,df,quadratic,ADMS|df|24
ADMS,ADMS_DF_i15p0_d31p66_t0p65_s2_m1p6.stl,15.0,31.66,0.65,2,1.6,15.019,5779936,1,1,-1176,0.48385,9.0497,4.3787,0.846,-15.22736,23.48918,-1.75569,9.26189,410.3599,49.7866,0.6472,0.0359,4000,0.21574,0.996,0.35538,0.32812,0.3165,1.12284,0.03888,0.32723,0.33812,0.33464,0.00454,0.931,35.4,OK,ADMS_DF_i15p0_d31p66_t0p65_s2_m1p6,0.22953,0.23792,0.2542,0.0247,0.9739,0.279785,0.09358499999999999,0.090435,0.48538039,0.68514,21.9211,2.066756,1.000001,-0.400962,2.115216,11.370185,-0.794209,1.225118,21.40302,0.94466,ADMS,df,quadratic,ADMS|df|24
ADMS,ADMS_raw_i15p0_d46p2_t0p48_s2_m1p6.stl,15.0,46.2,0.48,2,1.6,15.013,7778188,1,1,-2670,0.48492,11.8152,5.7294,0.859,-25.12635,37.95433,-2.30299,12.05638,591.617,59.3354,0.4793,0.0175,4000,0.15976,0.999,0.34837,0.32996,0.32168,1.08298,0.02669,0.33203,0.33416,0.33382,0.00094,0.957,37.0,OK,ADMS_raw_i15p0_d46p2_t0p48_s2_m1p6,0.23623,0.24414,0.2579,0.0299,1.0935,0.282465,0.10422000000000001,0.098535,0.48550208,0.52361,28.6721,2.062196,0.999995,-0.401958,2.104291,10.356254,-0.765433,1.156216,18.022635,0.915333,ADMS,raw,quadratic,ADMS|raw|24
ADMS,ADMS_raw_i15p0_d39p78_t0p56_s2_m1p6.stl,15.0,39.78,0.56,2,1.6,15.012,6668134,1,1,-1664,0.48793,10.1275,4.9415,0.853,-18.26993,29.10946,-2.00683,10.53175,491.4023,53.8611,0.5642,0.0248,4000,0.18807,1.008,0.34366,0.32992,0.32642,1.05281,0.01724,0.33484,0.33191,0.33324,0.0012,0.949,35.6,OK,ADMS_raw_i15p0_d39p78_t0p56_s2_m1p6,0.23338,0.24173,0.2551,0.0297,1.0829,0.27159,0.09882999999999999,0.09564500000000001,0.48865376,0.6071,24.7274,2.049474,0.999998,-0.406117,2.131281,10.899723,-0.748199,1.192105,20.124154,0.92935,ADMS,raw,quadratic,ADMS|raw|24
ADMS,ADMS_DF_i15p0_d39p6_t0p54_s2_m1p6.stl,15.0,39.6,0.54,2,1.6,15.029,6980884,1,1,-2144,0.48887,10.8064,5.283,0.83,-21.86604,33.00036,-2.10423,11.18692,515.688,56.0482,0.5402,0.0306,4000,0.18005,1.0,0.35673,0.32625,0.31702,1.12524,0.0397,0.32641,0.3392,0.33439,0.00528,0.927,35.7,OK,ADMS_DF_i15p0_d39p6_t0p54_s2_m1p6,0.24547,0.25367,0.258,0.0243,0.9827,0.30627,0.102425,0.09634000000000001,0.49099304,0.56787,26.4656,2.045534,1.000014,-0.398308,2.117562,10.609313,-0.783468,1.182415,18.477286,0.951191,ADMS,df,quadratic,ADMS|df|24
ADMS,ADMS_raw_i15p0_d33p36_t0p68_s2_m1p6.stl,15.0,33.36,0.68,2,1.6,15.012,5577100,1,1,-944,0.48965,8.4626,4.1437,0.866,-12.87477,21.40853,-1.67666,9.07043,362.9778,46.6591,0.683,0.0278,4000,0.22768,1.004,0.35025,0.33289,0.31687,1.10533,0.03338,0.32218,0.34183,0.33599,0.00824,0.943,37.7,OK,ADMS_raw_i15p0_d33p36_t0p68_s2_m1p6,0.22882,0.23738,0.2531,0.0371,1.0976,0.274925,0.09420500000000001,0.09313,0.49033819,0.72399,20.7351,2.042275,0.999997,-0.404628,2.188962,11.260218,-0.749826,1.246831,21.139802,0.94344,ADMS,raw,quadratic,ADMS|raw|24
ADMS,ADMS_DF_i15p0_d30p93_t0p7_s2_m1p6.stl,15.0,30.93,0.7,2,1.6,15.014,5502072,1,1,-990,0.50147,8.3891,4.2069,0.83,-13.67972,21.66731,-1.74365,9.02263,419.1505,49.7757,0.7023,0.0401,4000,0.23411,1.003,0.35922,0.32583,0.31496,1.14054,0.04426,0.33301,0.34002,0.32697,0.00533,0.92,45.6,OK,ADMS_DF_i15p0_d30p93_t0p7_s2_m1p6,0.2418,0.25052,0.2547,0.0272,0.9624,0.294335,0.09814500000000001,0.093335,0.5029,0.71312,21.054,1.994137,1.000004,-0.414476,2.144731,11.83197,-0.772959,1.22429,23.683688,0.984873,ADMS,df,quadratic,ADMS|df|25
ADMS,ADMS_flow_i15p0_d25p43_t0p87_s2_m1p6.stl,15.0,25.43,0.87,2,1.6,15.019,4414132,1,1,-428,0.50822,6.67,3.3898,0.852,-7.25465,12.08314,-1.26939,6.85153,413.5472,44.9056,0.876,0.0603,4000,0.292,1.007,0.35566,0.32911,0.31524,1.12822,0.04042,0.33839,0.33834,0.32327,0.00712,0.926,43.7,OK,ADMS_flow_i15p0_d25p43_t0p87_s2_m1p6,0.21548,0.22498,0.2451,0.0542,0.8672,0.26441,0.07733,0.079925,0.50961505,0.885,16.9706,1.967652,0.999992,-0.37447,2.021203,13.247164,-0.631337,1.051537,35.989011,0.98983,ADMS,flow,quadratic,ADMS|flow|25
ADMS,ADMS_DF_i15p0_d30p93_t0p8_s2_m1p6.stl,15.0,30.93,0.8,2,1.6,15.021,5231024,1,1,-758,0.56224,7.156,4.0234,0.813,-11.06318,21.30675,-2.02814,9.11733,617.5378,56.5869,0.8025,0.0577,4000,0.26751,1.003,0.36006,0.32568,0.31426,1.14574,0.0458,0.33305,0.34037,0.32659,0.00563,0.904,53.3,OK,ADMS_DF_i15p0_d30p93_t0p8_s2_m1p6,0.29966,0.31033,0.2553,0.0242,0.97,0.36532,0.12256,0.11630499999999999,0.5637,0.74564,20.1451,1.7786,1.000003,-0.504087,2.266082,14.064485,-0.683433,1.316234,38.14867,1.076297,ADMS,df,quadratic,ADMS|df|28
TPMS,C(I2-Y) Generator_0.10.stl,,,,,,10.014,357044,1,1,-72,0.09927,120.0711,11.9196,0.876,-55.49102,52.47524,-0.57538,13.93587,353.0383,39.0581,0.1622,0.0388,4000,0.01622,,0.33335,0.33333,0.33332,1.0001,3e-05,0.33333,0.33333,0.33334,1e-05,0.962,48.8,OK,C(I2-Y) Generator_0.10,0.033143,0.033094,0.301902,0.021112,0.919637,0.045733,0.018962,0.01231,0.09927,0.83896,11.9362,10.073537,1.000012,-0.048272,1.16917,3.276835,-0.39058,0.369353,2.484899,0.193334,TPMS,C(I2-Y) Generator,quadratic,TPMS|C(I2-Y) Generator|4
TPMS,C(I2-Y) Generator_0.12.stl,,,,,,10.011,357258,1,1,-72,0.11971,100.3588,12.014,0.868,-55.52929,51.52435,-0.69553,13.99281,363.7928,38.7849,0.1948,0.0464,4000,0.01948,,0.33335,0.33334,0.3333,1.00015,5e-05,0.33333,0.33332,0.33335,2e-05,0.956,48.2,OK,C(I2-Y) Generator_0.12,0.041355,0.041437,0.297421,0.019033,0.928601,0.056239,0.022916,0.015472,0.11971,0.83237,12.0271,8.353521,1.000004,-0.057894,1.164713,3.228322,-0.384725,0.356977,2.520475,0.234032,TPMS,C(I2-Y) Generator,quadratic,TPMS|C(I2-Y) Generator|5
TPMS,C(I2-Y) Generator_0.14.stl,,,,,,10.012,357736,1,1,-72,0.13929,86.7891,12.0885,0.862,-55.64307,51.18396,-0.81511,13.81987,345.4402,39.4393,0.2251,0.054,4000,0.02251,,0.33335,0.33334,0.33331,1.00013,4e-05,0.33332,0.33334,0.33334,1e-05,0.95,48.2,OK,C(I2-Y) Generator_0.14,0.042029,0.042377,0.289318,0.036652,0.875609,0.056764,0.021473,0.015451,0.13929,0.82721,12.1033,7.179266,0.999971,-0.067427,1.143191,3.262452,-0.380751,0.350238,2.363756,0.27212,TPMS,C(I2-Y) Generator,quadratic,TPMS|C(I2-Y) Generator|6
TPMS,C(I2-Y) Generator_0.16.stl,,,,,,10.017,361148,1,1,-72,0.15946,76.1987,12.1507,0.857,-55.75369,52.50858,-0.94332,13.88093,366.6898,40.1925,0.2574,0.0624,4000,0.02574,,0.33335,0.33334,0.33331,1.00013,4e-05,0.33333,0.33333,0.33334,1e-05,0.944,48.1,OK,C(I2-Y) Generator_0.16,0.056966,0.057434,0.289397,0.016807,0.938454,0.075691,0.029791,0.021537,0.15946,0.823,12.1713,6.271165,1.000005,-0.077635,1.142403,3.307849,-0.377637,0.355657,2.483706,0.312758,TPMS,C(I2-Y) Generator,quadratic,TPMS|C(I2-Y) Generator|7
TPMS,C(I2-Y) Generator_0.18.stl,,,,,,10.015,361752,1,1,-72,0.17912,68.2492,12.225,0.853,-55.88598,51.09703,-1.06616,13.90453,388.9631,40.6947,0.2872,0.0686,4000,0.02872,,0.33335,0.33333,0.33332,1.0001,3e-05,0.33334,0.33334,0.33332,1e-05,0.939,48.5,OK,C(I2-Y) Generator_0.18,0.067205,0.067843,0.287764,0.01133,0.958263,0.088473,0.034929,0.025655,0.17912,0.81801,12.2431,5.582849,1.000017,-0.087213,1.137404,3.328865,-0.373955,0.34191,2.602706,0.351096,TPMS,C(I2-Y) Generator,quadratic,TPMS|C(I2-Y) Generator|8
TPMS,C(I2-Y) Generator_0.20.stl,,,,,,10.014,362252,1,1,-72,0.1996,61.5922,12.2937,0.845,-56.04879,50.56392,-1.19622,13.84333,418.6011,40.1557,0.3194,0.0768,4000,0.03194,,0.33336,0.33333,0.33331,1.00013,4e-05,0.33333,0.33332,0.33335,1e-05,0.93,49.2,OK,C(I2-Y) Generator_0.20,0.077008,0.077889,0.285297,0.008454,0.969357,0.100459,0.039421,0.029584,0.1996,0.81342,12.311,5.01002,0.999992,-0.097303,1.126041,3.266337,-0.370846,0.334556,2.769669,0.392664,TPMS,C(I2-Y) Generator,quadratic,TPMS|C(I2-Y) Generator|9
TPMS,C(I2-Y) Generator_0.22.stl,,,,,,10.012,361426,1,1,-72,0.21936,56.3672,12.3648,0.837,-56.29712,50.15312,-1.317,13.79162,405.1519,39.7744,0.349,0.0832,4000,0.0349,,0.33336,0.33333,0.33331,1.00013,4e-05,0.33332,0.33333,0.33335,1e-05,0.922,48.9,OK,C(I2-Y) Generator_0.22,0.086829,0.087977,0.28303,0.005643,0.979502,0.112365,0.043852,0.033554,0.21936,0.80875,12.3796,4.558716,1.000007,-0.106513,1.115402,3.216768,-0.368229,0.328043,2.650026,0.431528,TPMS,C(I2-Y) Generator,quadratic,TPMS|C(I2-Y) Generator|10
TPMS,C(I2-Y) Generator_0.24.stl,,,,,,10.017,363456,1,1,-72,0.23874,51.9595,12.405,0.831,-56.4211,49.88664,-1.44931,13.6581,410.6738,42.0797,0.3811,0.0901,4000,0.03811,,0.33335,0.33334,0.33331,1.00013,4e-05,0.33333,0.33333,0.33334,1e-05,0.917,48.8,OK,C(I2-Y) Generator_0.24,0.097088,0.098531,0.280967,0.002804,0.989932,0.124701,0.048452,0.03774,0.23874,0.80614,12.4259,4.188657,1.000015,-0.116835,1.101032,3.392208,-0.366658,0.324193,2.668804,0.472747,TPMS,C(I2-Y) Generator,quadratic,TPMS|C(I2-Y) Generator|11
TPMS,C(I2-Y) Generator_0.26.stl,,,,,,10.013,364032,1,1,-72,0.25873,48.2201,12.4761,0.823,-56.56915,48.90148,-1.58795,13.80569,460.9549,41.4567,0.4079,0.0983,4000,0.04079,,0.33337,0.33332,0.3333,1.00021,7e-05,0.33332,0.33334,0.33334,1e-05,0.909,48.2,OK,C(I2-Y) Generator_0.26,0.107823,0.109591,0.279027,0.000294,1.000766,0.137498,0.053237,0.042162,0.25873,0.80154,12.4922,3.865033,1.000009,-0.127281,1.106581,3.32292,-0.363438,0.314175,2.961479,0.508895,TPMS,C(I2-Y) Generator,quadratic,TPMS|C(I2-Y) Generator|12
TPMS,C(I2-Y) Generator_0.28.stl,,,,,,10.016,365056,1,1,-72,0.27905,44.8525,12.5159,0.817,-56.74127,48.69831,-1.73904,13.54271,473.0047,41.7265,0.4405,0.1042,4000,0.04405,,0.33336,0.33332,0.33331,1.00016,5e-05,0.33332,0.33334,0.33333,1e-05,0.902,49.4,OK,C(I2-Y) Generator_0.28,0.119513,0.12164,0.277273,0.003303,1.012237,0.15135,0.058464,0.047011,0.27905,0.79897,12.5361,3.583587,0.999985,-0.138944,1.082024,3.333829,-0.362211,0.310868,3.019452,0.551334,TPMS,C(I2-Y) Generator,quadratic,TPMS|C(I2-Y) Generator|13
TPMS,C(I2-Y) Generator_0.30.stl,,,,,,10.015,365140,1,1,-72,0.29886,42.0637,12.571,0.811,-56.93103,49.10209,-1.89435,13.74541,519.6893,43.8295,0.4722,0.1152,4000,0.04722,,0.33339,0.33331,0.3333,1.00026,9e-05,0.33332,0.33336,0.33333,2e-05,0.896,49.5,OK,C(I2-Y) Generator_0.30,0.131349,0.133856,0.275651,0.00634,1.022965,0.165296,0.063722,0.051953,0.29886,0.79547,12.59,3.346048,0.999987,-0.15069,1.093408,3.486513,-0.360245,0.310706,3.288465,0.59361,TPMS,C(I2-Y) Generator,quadratic,TPMS|C(I2-Y) Generator|14
TPMS,C(Y) Generator_0.10.stl,,,,,,10.016,297452,1,1,-48,0.09907,102.6685,10.1717,0.815,-34.24174,26.69673,-0.38603,14.15145,221.3901,27.1886,0.2135,0.0414,4000,0.02135,,0.3334,0.33333,0.33327,1.0004,0.00013,0.33329,0.33339,0.33332,4e-05,0.902,41.2,OK,C(Y) Generator_0.10,0.028903,0.028662,0.310939,0.01193,0.951525,0.040623,0.017908,0.010807,0.09907,0.98315,10.1877,10.093873,1.000033,-0.037953,1.391302,2.673052,-0.330976,0.258047,2.139929,0.217159,TPMS,C(Y) Generator,quadratic,TPMS|C(Y) Generator|4
TPMS,C(Y) Generator_0.12.stl,,,,,,10.016,299608,1,1,-48,0.11866,86.7735,10.2966,0.807,-34.28618,27.27771,-0.47163,14.03896,221.8359,27.1519,0.2547,0.0497,4000,0.02547,,0.33349,0.33331,0.33321,1.00084,0.00028,0.33322,0.3333,0.33349,0.00011,0.895,40.9,OK,C(Y) Generator_0.12,0.035779,0.035561,0.307974,0.009839,0.960501,0.049737,0.021713,0.013459,0.11866,0.9712,10.313,8.42744,1.000005,-0.045805,1.363463,2.636992,-0.323397,0.257291,2.09242,0.262253,TPMS,C(Y) Generator,quadratic,TPMS|C(Y) Generator|5
TPMS,C(Y) Generator_0.14.stl,,,,,,10.035,303640,1,1,-48,0.13852,74.9842,10.387,0.803,-34.27303,26.96276,-0.55465,14.01086,218.086,26.8601,0.2954,0.0598,4000,0.02954,,0.33346,0.33329,0.33325,1.00065,0.00022,0.33325,0.33329,0.33346,9e-05,0.887,41.5,OK,C(Y) Generator_0.14,0.04336,0.043198,0.304889,0.007506,0.970101,0.059598,0.025758,0.016414,0.13852,0.96276,10.4232,7.219174,1.000018,-0.053399,1.348909,2.585981,-0.317679,0.249919,2.021451,0.306826,TPMS,C(Y) Generator,quadratic,TPMS|C(Y) Generator|6
TPMS,C(Y) Generator_0.18.stl,,,,,,10.049,306892,1,1,-48,0.17747,59.6406,10.5842,0.801,-34.428,27.46371,-0.71239,14.02954,224.2251,27.0877,0.3769,0.0812,4000,0.03769,,0.33342,0.33332,0.33326,1.00049,0.00016,0.33326,0.33341,0.33333,6e-05,0.881,42.4,OK,C(Y) Generator_0.18,0.05887,0.058935,0.298564,0.002022,0.992266,0.079078,0.033528,0.022598,0.17747,0.94479,10.6362,5.634755,0.999979,-0.067306,1.32549,2.559206,-0.307311,0.245146,2.001476,0.398927,TPMS,C(Y) Generator,quadratic,TPMS|C(Y) Generator|8
TPMS,C(Y) Generator_0.20.stl,,,,,,10.064,309068,1,1,-48,0.19592,54.3296,10.644,0.801,-34.44342,27.576,-0.80123,13.98682,220.7491,27.0905,0.4123,0.0913,4000,0.04123,,0.33338,0.33335,0.33327,1.00035,0.00012,0.33338,0.33335,0.33327,5e-05,0.877,44.9,OK,C(Y) Generator_0.20,0.067419,0.067628,0.295981,0.000147,0.999484,0.089767,0.037729,0.026006,0.19592,0.93947,10.7124,5.104124,0.999976,-0.075273,1.314025,2.545082,-0.304001,0.243389,1.948356,0.438863,TPMS,C(Y) Generator,quadratic,TPMS|C(Y) Generator|9
TPMS,C(Y) Generator_0.22.stl,,,,,,10.015,312098,1,1,-48,0.21855,49.8738,10.9,0.781,-34.82508,28.22902,-0.88644,13.98328,224.6047,28.1219,0.4583,0.1011,4000,0.04583,,0.33338,0.33334,0.33328,1.00029,0.0001,0.33333,0.33329,0.33337,3e-05,0.867,42.5,OK,C(Y) Generator_0.22,0.076429,0.076832,0.293187,0.002223,1.008443,0.100803,0.041995,0.029652,0.21855,0.91744,10.9162,4.575612,1.000007,-0.081325,1.282879,2.58001,-0.29312,0.237602,1.890481,0.499543,TPMS,C(Y) Generator,quadratic,TPMS|C(Y) Generator|10
TPMS,C(Y) Generator_0.24.stl,,,,,,10.014,313608,1,1,-48,0.23846,46.1237,10.9989,0.776,-34.92585,28.77984,-0.97777,14.03505,218.3367,27.3484,0.4921,0.113,4000,0.04921,,0.33337,0.33334,0.33329,1.00022,7e-05,0.33335,0.3333,0.33335,3e-05,0.863,42.5,OK,C(Y) Generator_0.24,0.085863,0.086501,0.290404,0.004732,1.018078,0.112169,0.046337,0.033511,0.23846,0.9092,11.0141,4.193575,1.000022,-0.088899,1.276069,2.486522,-0.288714,0.237908,1.804876,0.541244,TPMS,C(Y) Generator,quadratic,TPMS|C(Y) Generator|11
TPMS,C(Y) Generator_0.26.stl,,,,,,10.015,314526,1,1,-60,0.25828,42.9489,11.093,0.772,-35.07645,28.73667,-1.06934,14.04772,224.3214,27.0461,0.5283,0.1211,4000,0.05283,,0.33345,0.33333,0.33322,1.00067,0.00022,0.33326,0.33332,0.33342,7e-05,0.857,40.9,OK,C(Y) Generator_0.26,0.095836,0.096747,0.287761,0.006925,1.026555,0.124119,0.050848,0.037608,0.25828,0.90148,11.1095,3.871767,1.000014,-0.096399,1.266377,2.438158,-0.285056,0.233534,1.822993,0.586035,TPMS,C(Y) Generator,quadratic,TPMS|C(Y) Generator|12
TPMS,C(Y) Generator_0.28.stl,,,,,,10.014,316132,1,1,-60,0.27912,40.0312,11.1737,0.766,-35.23696,29.32427,-1.17145,14.17522,220.5579,28.7872,0.5712,0.1329,4000,0.05712,,0.3334,0.33336,0.33324,1.00047,0.00016,0.33337,0.33325,0.33339,6e-05,0.852,41.9,OK,C(Y) Generator_0.28,0.1067,0.107954,0.284898,0.009164,1.035309,0.136912,0.055572,0.042106,0.27912,0.89497,11.1892,3.582688,1.000017,-0.104842,1.268645,2.57638,-0.28224,0.234881,1.766621,0.638231,TPMS,C(Y) Generator,quadratic,TPMS|C(Y) Generator|13
TPMS,C(Y) Generator_0.30.stl,,,,,,10.015,316788,1,1,-60,0.29905,37.6176,11.2497,0.759,-35.40435,29.50978,-1.26881,14.04489,224.9836,28.1997,0.6156,0.1453,4000,0.06156,,0.33338,0.33333,0.33329,1.00027,9e-05,0.33338,0.33329,0.33333,3e-05,0.845,42.2,OK,C(Y) Generator_0.30,0.115242,0.116785,0.282829,0.009788,1.036249,0.147058,0.059129,0.045558,0.29905,0.88892,11.2665,3.343922,1.000014,-0.112788,1.248485,2.506742,-0.279761,0.233183,1.777793,0.692522,TPMS,C(Y) Generator,quadratic,TPMS|C(Y) Generator|14
TPMS,D Generator_0.10.stl,,,,,,10.017,246240,1,1,-18,0.09977,80.7761,8.0592,0.88,-27.29855,23.67067,-0.3534,13.3338,50.0832,19.812,0.2677,0.0154,4000,0.02677,,0.33339,0.33338,0.33322,1.00051,0.00017,0.33333,0.33333,0.33335,1e-05,0.965,34.9,OK,D Generator_0.10,0.03339,0.032733,0.326102,0.110126,0.629411,0.054139,0.020934,0.01045,0.09977,1.24084,8.0728,10.023053,1.000021,-0.043851,1.654516,2.45836,-0.420314,0.364456,0.771128,0.21574,TPMS,D Generator,quadratic,TPMS|D Generator|4
TPMS,D Generator_0.12.stl,,,,,,10.015,247968,1,1,-18,0.1196,68.0748,8.1416,0.871,-27.42904,23.8587,-0.42104,13.02137,52.2265,20.2727,0.3229,0.02,4000,0.03229,,0.33335,0.33334,0.33331,1.00014,5e-05,0.33335,0.33335,0.33331,2e-05,0.957,36.3,OK,D Generator_0.12,0.041099,0.040408,0.322232,0.103855,0.650444,0.065331,0.025132,0.013073,0.1196,1.22824,8.1539,8.361204,0.999982,-0.051714,1.599334,2.48997,-0.413786,0.359925,0.787872,0.262897,TPMS,D Generator,quadratic,TPMS|D Generator|5
TPMS,D Generator_0.14.stl,,,,,,10.016,250272,1,1,-18,0.13956,58.9056,8.2206,0.862,-27.47122,23.74396,-0.50609,13.30623,49.6808,20.0784,0.3752,0.0261,4000,0.03752,,0.33342,0.33341,0.33317,1.00076,0.00025,0.33333,0.33333,0.33334,0.0,0.952,34.3,OK,D Generator_0.14,0.049097,0.048403,0.318645,0.097792,0.670573,0.076645,0.029357,0.015855,0.13956,1.21642,8.234,7.165377,0.999968,-0.061562,1.618592,2.442371,-0.406483,0.351332,0.735112,0.308447,TPMS,D Generator,quadratic,TPMS|D Generator|6
TPMS,D Generator_0.16.stl,,,,,,10.017,250272,1,1,-18,0.15931,51.9508,8.2764,0.86,-27.53765,23.90162,-0.57311,12.90233,50.2861,20.0001,0.4293,0.0355,4000,0.04293,,0.33342,0.33341,0.33317,1.00073,0.00024,0.33333,0.33333,0.33335,1e-05,0.943,33.6,OK,D Generator_0.16,0.057485,0.056823,0.315145,0.09197,0.689952,0.088216,0.033634,0.01883,0.15931,1.20827,8.2904,6.27707,1.000014,-0.069247,1.558952,2.416556,-0.402028,0.348945,0.734137,0.355301,TPMS,D Generator,quadratic,TPMS|D Generator|7
TPMS,D Generator_0.18.stl,,,,,,10.016,252768,1,1,-18,0.17859,46.7657,8.3517,0.843,-27.68976,23.73539,-0.6518,13.029,55.3807,20.1505,0.4812,0.0405,4000,0.04812,,0.33335,0.33334,0.33332,1.00009,3e-05,0.33334,0.33334,0.33332,1e-05,0.934,33.3,OK,D Generator_0.18,0.065901,0.065307,0.31184,0.086342,0.708757,0.099529,0.037795,0.021877,0.17859,1.19733,8.3653,5.599418,0.999978,-0.078042,1.560007,2.412688,-0.396963,0.340273,0.793943,0.401893,TPMS,D Generator,quadratic,TPMS|D Generator|8
TPMS,D Generator_0.20.stl,,,,,,10.015,252768,1,1,-18,0.1994,42.2651,8.4275,0.844,-27.68586,25.28877,-0.73221,12.9957,53.2234,20.2844,0.5367,0.0545,4000,0.05367,,0.33342,0.33342,0.33316,1.0008,0.00027,0.33333,0.33333,0.33334,0.0,0.929,33.0,OK,D Generator_0.20,0.075476,0.075,0.308262,0.080048,0.729474,0.112067,0.042377,0.025419,0.1994,1.18657,8.4403,5.015045,0.999981,-0.086882,1.542029,2.406884,-0.389802,0.356052,0.749357,0.452313,TPMS,D Generator,quadratic,TPMS|D Generator|9
TPMS,D Generator_0.22.stl,,,,,,10.013,253344,1,1,-18,0.21944,38.705,8.4934,0.836,-27.89387,24.36646,-0.80434,13.42147,52.2067,20.6909,0.5905,0.0647,4000,0.05905,,0.33338,0.33332,0.3333,1.00022,7e-05,0.33334,0.33334,0.33332,1e-05,0.921,33.8,OK,D Generator_0.22,0.085109,0.084793,0.304838,0.073903,0.749996,0.124349,0.04685,0.029062,0.21944,1.17738,8.5045,4.557054,0.999997,-0.094701,1.580219,2.436108,-0.386672,0.337774,0.723703,0.501537,TPMS,D Generator,quadratic,TPMS|D Generator|10
TPMS,D Generator_0.24.stl,,,,,,10.017,254496,1,1,-18,0.23933,35.7674,8.5601,0.827,-27.92119,25.30907,-0.89208,13.32175,55.9691,20.4377,0.6459,0.0748,4000,0.06459,,0.33343,0.33342,0.33315,1.00083,0.00028,0.33333,0.33333,0.33334,0.0,0.915,33.5,OK,D Generator_0.24,0.095275,0.095168,0.301457,0.067644,0.77076,0.137018,0.051453,0.032975,0.23933,1.1682,8.5747,4.178331,0.999987,-0.104212,1.556241,2.387523,-0.381035,0.345388,0.763799,0.552904,TPMS,D Generator,quadratic,TPMS|D Generator|11
TPMS,D Generator_0.26.stl,,,,,,10.016,253728,1,1,-18,0.25837,33.2971,8.6029,0.823,-28.11364,25.70662,-0.96222,13.15784,56.2988,20.7624,0.6984,0.0867,4000,0.06984,,0.33342,0.33341,0.33318,1.00072,0.00024,0.33332,0.33332,0.33335,1e-05,0.906,33.6,OK,D Generator_0.26,0.10534,0.10548,0.298278,0.062035,0.78961,0.149357,0.055873,0.036908,0.25837,1.16239,8.6167,3.870418,0.999992,-0.111847,1.529453,2.413399,-0.379857,0.347335,0.76068,0.600832,TPMS,D Generator,quadratic,TPMS|D Generator|12
TPMS,D Generator_0.28.stl,,,,,,10.017,257760,1,1,-18,0.27847,31.1138,8.6643,0.808,-28.28667,25.49625,-1.05348,13.15439,53.822,20.8524,0.7529,0.1053,4000,0.07529,,0.33335,0.33333,0.33331,1.00011,4e-05,0.33334,0.33334,0.33332,1e-05,0.898,36.0,OK,D Generator_0.28,0.115984,0.116427,0.295054,0.055893,0.80991,0.162086,0.06045,0.041158,0.27847,1.15417,8.679,3.591051,1.000005,-0.121589,1.518236,2.406715,-0.376807,0.339636,0.716963,0.652332,TPMS,D Generator,quadratic,TPMS|D Generator|13
TPMS,D Generator_0.30.stl,,,,,,10.017,255456,1,1,-18,0.29849,29.2201,8.7218,0.807,-28.36864,25.11879,-1.1335,13.34548,57.588,20.8413,0.8093,0.1174,4000,0.08093,,0.33344,0.33343,0.33314,1.0009,0.0003,0.33333,0.33333,0.33334,1e-05,0.892,36.4,OK,D Generator_0.30,0.128127,0.128921,0.291988,0.049898,0.829997,0.176588,0.065694,0.046021,0.29849,1.14654,8.7367,3.350196,0.999988,-0.12996,1.53011,2.389535,-0.37292,0.330199,0.757023,0.705864,TPMS,D Generator,quadratic,TPMS|D Generator|14
TPMS,D' Generator_0.10.stl,,,,,,10.015,361120,1,1,-116,0.09857,131.7563,12.9867,0.851,-61.3376,85.69963,-0.7413,15.59011,779.6348,55.8253,0.1502,0.0437,4000,0.01502,,0.33336,0.33336,0.33328,1.00024,8e-05,0.33333,0.33334,0.33333,0.0,0.95,52.8,OK,D' Generator_0.10,0.022401,0.022028,0.32206,0.118917,0.613861,0.036101,0.013423,0.006961,0.09857,0.76999,13.0067,10.145075,0.99996,-0.057079,1.200419,4.29848,-0.363659,0.508097,4.622308,0.195068,TPMS,D' Generator,quadratic,TPMS|D' Generator|4
TPMS,D' Generator_0.12.stl,,,,,,10.015,362670,1,1,-116,0.11896,110.228,13.1125,0.845,-61.57177,79.13872,-0.91294,14.89387,724.4713,55.0094,0.1791,0.0477,4000,0.01791,,0.33345,0.33341,0.33314,1.00093,0.00031,0.33334,0.33333,0.33333,0.0,0.948,50.0,OK,D' Generator_0.12,0.028201,0.027793,0.319076,0.110742,0.63739,0.044631,0.01665,0.008918,0.11896,0.76262,13.1324,8.406187,0.999983,-0.069622,1.135834,4.195116,-0.358093,0.46026,4.213426,0.234849,TPMS,D' Generator,quadratic,TPMS|D' Generator|5
TPMS,D' Generator_0.14.stl,,,,,,10.02,364740,1,1,-116,0.13877,95.1794,13.2084,0.84,-61.55103,78.36538,-1.09326,14.7845,577.6958,52.6615,0.2083,0.0539,4000,0.02083,,0.33343,0.33336,0.33321,1.00067,0.00022,0.33331,0.33332,0.33337,2e-05,0.941,50.6,OK,D' Generator_0.14,0.028769,0.028302,0.32141,0.099373,0.670544,0.045336,0.017665,0.009277,0.13877,0.75711,13.2345,7.206168,1.000027,-0.082772,1.119356,3.987077,-0.352824,0.449208,3.31148,0.275124,TPMS,D' Generator,quadratic,TPMS|D' Generator|6
TPMS,D' Generator_0.16.stl,,,,,,10.039,368272,1,1,-164,0.15811,84.0052,13.2822,0.837,-62.0404,78.45779,-1.31477,14.57609,502.1584,49.7219,0.2366,0.0603,4000,0.02366,,0.33345,0.3333,0.33325,1.00061,0.0002,0.33335,0.33336,0.3333,3e-05,0.935,49.4,OK,D' Generator_0.16,0.040852,0.040452,0.312862,0.096952,0.679678,0.062519,0.023314,0.013323,0.15811,0.7529,13.3338,6.324711,1.00001,-0.098988,1.097427,3.743538,-0.351677,0.444739,2.84649,0.314254,TPMS,D' Generator,quadratic,TPMS|D' Generator|7
TPMS,D' Generator_0.18.stl,,,,,,10.038,369960,1,1,-100,0.17832,74.8692,13.3506,0.83,-35.47003,71.8693,-1.71465,14.28864,421.0975,46.3544,0.2658,0.0552,4000,0.02658,,0.33337,0.33333,0.3333,1.00023,8e-05,0.33331,0.33332,0.33337,3e-05,0.928,49.4,OK,D' Generator_0.18,0.048003,0.047635,0.310029,0.089702,0.701812,0.072309,0.027015,0.015894,0.17832,0.74903,13.4013,5.607896,0.999994,-0.128432,1.070256,3.472064,-0.199001,0.403215,2.362524,0.354861,TPMS,D' Generator,quadratic,TPMS|D' Generator|8
TPMS,D' Generator_0.20.stl,,,,,,10.047,371412,1,1,-100,0.1976,67.5516,13.3481,0.828,-36.42672,75.83896,-1.77818,14.43784,412.7311,42.6473,0.2952,0.0564,4000,0.02952,,0.33346,0.33329,0.33325,1.00061,0.0002,0.33337,0.33332,0.33331,2e-05,0.922,52.5,OK,D' Generator_0.20,0.055468,0.055168,0.307055,0.083528,0.721416,0.082313,0.030711,0.018614,0.1976,0.74916,13.411,5.060729,0.999993,-0.133215,1.081632,3.194986,-0.204444,0.425645,2.316445,0.394039,TPMS,D' Generator,quadratic,TPMS|D' Generator|9
TPMS,D' Generator_0.22.stl,,,,,,10.016,370816,1,1,-100,0.21951,61.4992,13.4997,0.817,-36.53979,78.76426,-1.8762,14.56684,407.9612,42.2003,0.3247,0.061,4000,0.03247,,0.33351,0.33327,0.33321,1.00091,0.0003,0.33332,0.33332,0.33337,2e-05,0.914,50.3,OK,D' Generator_0.22,0.063583,0.063395,0.303845,0.078204,0.738856,0.092998,0.034538,0.021596,0.21951,0.74076,13.5212,4.555601,1.000001,-0.138981,1.07905,3.12602,-0.200502,0.432197,2.238573,0.438335,TPMS,D' Generator,quadratic,TPMS|D' Generator|10
TPMS,D' Generator_0.24.stl,,,,,,10.041,371232,1,1,-100,0.23714,56.6986,13.4454,0.815,-36.72269,79.73998,-1.97773,14.45351,393.127,43.1492,0.3551,0.0661,4000,0.03551,,0.33348,0.33327,0.33325,1.00068,0.00023,0.33334,0.33333,0.33333,1e-05,0.908,52.1,OK,D' Generator_0.24,0.071769,0.071727,0.300752,0.073378,0.755173,0.103554,0.03827,0.024651,0.23714,0.74374,13.5007,4.216918,0.999992,-0.147092,1.07497,3.209191,-0.203133,0.441085,2.174596,0.47745,TPMS,D' Generator,quadratic,TPMS|D' Generator|11
TPMS,D' Generator_0.26.stl,,,,,,10.017,370928,1,1,-100,0.2594,52.339,13.5766,0.808,-37.21867,76.31522,-2.08143,14.7653,379.774,43.3865,0.3865,0.0731,4000,0.03865,,0.33346,0.33328,0.33326,1.00059,0.0002,0.33334,0.33334,0.33332,1e-05,0.9,50.4,OK,D' Generator_0.26,0.081078,0.081243,0.297349,0.068365,0.772075,0.115343,0.04236,0.028174,0.2594,0.73655,13.5999,3.85505,0.99999,-0.153309,1.087544,3.19565,-0.201916,0.414019,2.060319,0.524741,TPMS,D' Generator,quadratic,TPMS|D' Generator|12
TPMS,D' Generator_0.28.stl,,,,,,10.05,368832,1,1,-100,0.27593,48.7064,13.4397,0.81,-37.31434,78.83548,-2.18866,15.13158,384.8776,43.4855,0.4159,0.0753,4000,0.04159,,0.33339,0.33333,0.33327,1.00037,0.00012,0.33335,0.33336,0.33329,3e-05,0.892,48.5,OK,D' Generator_0.28,0.087624,0.088008,0.294333,0.065236,0.783401,0.123256,0.04489,0.030696,0.27593,0.74407,13.5068,3.624108,1.000011,-0.162852,1.125899,3.235635,-0.206588,0.436467,2.130849,0.558951,TPMS,D' Generator,quadratic,TPMS|D' Generator|13
TPMS,D' Generator_0.30.stl,,,,,,10.017,372864,1,1,-100,0.29911,45.5627,13.6281,0.797,-37.42552,77.13529,-2.31934,14.60136,377.5368,42.6092,0.4467,0.0779,4000,0.04467,,0.33335,0.33334,0.33331,1.0001,3e-05,0.33333,0.33333,0.33333,0.0,0.885,50.2,OK,D' Generator_0.30,0.099446,0.100156,0.290782,0.060687,0.799163,0.137955,0.049839,0.03521,0.29911,0.73377,13.6514,3.343252,0.999988,-0.170186,1.071403,3.126533,-0.201506,0.41531,2.032724,0.608774,TPMS,D' Generator,quadratic,TPMS|D' Generator|14
TPMS,FRD Generator_0.10.stl,,,,,,10.018,282304,1,1,-68,0.09969,99.0054,9.8698,0.918,-54.75811,76.35082,-0.64035,16.97437,208.3205,36.674,0.2158,0.0288,4000,0.02158,,0.33334,0.33333,0.33333,1.00005,2e-05,0.33333,0.33333,0.33334,1e-05,0.953,40.7,OK,FRD Generator_0.10,0.028422,0.028706,0.287146,0.185286,0.524739,0.043862,0.011453,0.008503,0.09969,1.01319,9.8876,10.031096,0.999995,-0.064879,1.719821,3.715761,-0.562118,0.783777,2.138509,0.212991,TPMS,FRD Generator,quadratic,TPMS|FRD Generator|4
TPMS,FRD Generator_0.12.stl,,,,,,10.01,282816,1,1,-68,0.11925,83.2686,9.9301,0.91,-55.12915,78.43912,-0.75979,17.6019,223.9646,37.125,0.2559,0.0343,4000,0.02559,,0.33333,0.33333,0.33333,1.00001,0.0,0.33333,0.33333,0.33333,0.0,0.953,40.1,OK,FRD Generator_0.12,0.035329,0.035654,0.288139,0.179305,0.534232,0.054347,0.014515,0.01064,0.11925,1.00707,9.9397,8.385744,1.000032,-0.076516,1.772637,3.738753,-0.559116,0.795524,2.271434,0.254103,TPMS,FRD Generator,quadratic,TPMS|FRD Generator|5
TPMS,FRD Generator_0.14.stl,,,,,,10.01,283680,1,1,-68,0.13951,71.4151,9.9631,0.907,-55.3394,76.46484,-0.89593,17.08831,226.8304,37.1837,0.2978,0.0398,4000,0.02978,,0.33334,0.33333,0.33333,1.00004,1e-05,0.33333,0.33333,0.33334,1e-05,0.946,39.2,OK,FRD Generator_0.14,0.043916,0.044296,0.288861,0.171885,0.546486,0.067229,0.018392,0.013345,0.13951,1.0037,9.9731,7.167945,0.999998,-0.089925,1.715156,3.732134,-0.557498,0.77032,2.285128,0.296702,TPMS,FRD Generator,quadratic,TPMS|FRD Generator|6
TPMS,FRD Generator_0.16.stl,,,,,,10.01,283328,1,1,-68,0.15977,62.5258,9.9897,0.903,-55.50713,76.88551,-1.03358,17.46005,246.5119,38.3885,0.3409,0.0469,4000,0.03409,,0.33334,0.33333,0.33333,1.00003,1e-05,0.33333,0.33333,0.33334,0.0,0.94,38.9,OK,FRD Generator_0.16,0.05284,0.053326,0.288155,0.164641,0.560877,0.080159,0.022266,0.016235,0.15977,1.00103,9.9997,6.258997,0.999995,-0.103464,1.747797,3.84279,-0.556211,0.770434,2.470182,0.34055,TPMS,FRD Generator,quadratic,TPMS|FRD Generator|7
TPMS,FRD Generator_0.18.stl,,,,,,10.009,282016,1,1,-68,0.17977,55.7493,10.022,0.899,-55.72673,80.78005,-1.16039,17.56249,267.947,37.5255,0.3835,0.0528,4000,0.03835,,0.33334,0.33333,0.33333,1.00004,1e-05,0.33333,0.33333,0.33334,1e-05,0.937,39.9,OK,FRD Generator_0.18,0.06217,0.062803,0.286906,0.157423,0.576128,0.093372,0.026251,0.019335,0.17977,0.9978,10.0311,5.562663,0.999995,-0.115784,1.752385,3.744293,-0.554818,0.80425,2.667692,0.384346,TPMS,FRD Generator,quadratic,TPMS|FRD Generator|8
TPMS,FRD Generator_0.20.stl,,,,,,10.01,282304,1,1,-68,0.19963,50.286,10.0386,0.89,-56.04768,79.21795,-1.3088,17.11255,258.6726,39.698,0.4259,0.0578,4000,0.04259,,0.33334,0.33333,0.33333,1.00003,1e-05,0.33333,0.33333,0.33334,1e-05,0.933,40.7,OK,FRD Generator_0.20,0.072094,0.072931,0.285084,0.150667,0.591117,0.107093,0.030318,0.022691,0.19963,0.99616,10.0486,5.009267,1.000001,-0.130377,1.704676,3.954538,-0.556175,0.7861,2.566874,0.427544,TPMS,FRD Generator,quadratic,TPMS|FRD Generator|9
TPMS,FRD Generator_0.22.stl,,,,,,10.01,282464,1,1,-68,0.22001,45.6881,10.0517,0.885,-56.40883,79.1835,-1.468,17.05739,311.9434,38.0837,0.4678,0.0649,4000,0.04678,,0.33337,0.33335,0.33328,1.00028,9e-05,0.33334,0.33337,0.33329,3e-05,0.928,40.8,OK,FRD Generator_0.22,0.077963,0.079106,0.281219,0.148596,0.599416,0.114467,0.031863,0.024757,0.22001,0.99484,10.0619,4.545248,0.999986,-0.146043,1.696942,3.78873,-0.558285,0.783689,3.087342,0.470225,TPMS,FRD Generator,quadratic,TPMS|FRD Generator|11
TPMS,FRD Generator_0.24.stl,,,,,,10.01,282304,1,1,-68,0.23947,42.0146,10.0612,0.881,-56.58755,78.35211,-1.60979,16.84396,297.6824,40.869,0.5105,0.0701,4000,0.05105,,0.33334,0.33333,0.33333,1.00004,1e-05,0.33333,0.33333,0.33334,1e-05,0.922,40.1,OK,FRD Generator_0.24,0.093082,0.094512,0.280331,0.138849,0.620062,0.135101,0.038377,0.029987,0.23947,0.99391,10.0713,4.175888,0.999996,-0.159999,1.674144,4.062026,-0.559008,0.774013,2.940698,0.513626,TPMS,FRD Generator,quadratic,TPMS|FRD Generator|11
TPMS,FRD Generator_0.26.stl,,,,,,10.01,282720,1,1,-68,0.25992,38.7263,10.0659,0.88,-56.83335,80.04434,-1.76459,16.71674,336.2685,41.1653,0.5509,0.0776,4000,0.05509,,0.33334,0.33333,0.33333,1.00001,0.0,0.33333,0.33333,0.33333,0.0,0.917,38.6,OK,FRD Generator_0.26,0.104876,0.10668,0.278021,0.132117,0.636261,0.150421,0.042898,0.034206,0.25992,0.99347,10.0758,3.847338,1.000016,-0.175307,1.660756,4.089645,-0.560934,0.790022,3.318905,0.554522,TPMS,FRD Generator,quadratic,TPMS|FRD Generator|12
TPMS,FRD Generator_0.28.stl,,,,,,10.009,279872,1,1,-68,0.27943,36.0109,10.0624,0.871,-57.52436,77.46916,-1.92562,16.91548,351.2021,41.7427,0.5896,0.0832,4000,0.05896,,0.33336,0.33334,0.3333,1.00019,6e-05,0.33331,0.33334,0.33335,2e-05,0.913,38.3,OK,FRD Generator_0.28,0.11663,0.11886,0.275616,0.12666,0.64996,0.165519,0.047203,0.03845,0.27943,0.99379,10.0715,3.578714,0.999987,-0.191365,1.681037,4.148332,-0.568117,0.765094,3.468511,0.593287,TPMS,FRD Generator,quadratic,TPMS|FRD Generator|13
TPMS,FRD Generator_0.30.stl,,,,,,10.01,278304,1,1,-68,0.29995,33.5232,10.0554,0.867,-58.06337,80.19821,-2.11285,16.21946,374.977,43.0548,0.6373,0.089,4000,0.06373,,0.33334,0.33333,0.33333,1.00003,1e-05,0.33333,0.33333,0.33333,0.0,0.909,39.8,OK,FRD Generator_0.30,0.130262,0.132962,0.273598,0.120493,0.664555,0.183042,0.052382,0.043415,0.29995,0.9945,10.0654,3.333889,1.000012,-0.210123,1.613029,4.281809,-0.574267,0.793188,3.708651,0.640823,TPMS,FRD Generator,quadratic,TPMS|FRD Generator|14
TPMS,G' Generator_0.10.stl,,,,,,10.015,332640,1,1,-96,0.09949,114.8134,11.4225,0.875,-54.4798,42.50863,-0.6115,15.50007,320.2577,43.8506,0.1698,0.0422,4000,0.01698,,0.33335,0.33333,0.33332,1.00009,3e-05,0.33332,0.33333,0.33335,1e-05,0.966,45.0,OK,G' Generator_0.10,0.032251,0.031647,0.324797,0.0433,0.827938,0.048853,0.021591,0.011286,0.09949,0.87544,11.44,10.051261,0.999975,-0.053533,1.356943,3.838871,-0.417534,0.325787,2.454458,0.193959,TPMS,G' Generator,quadratic,TPMS|G' Generator|4
TPMS,G' Generator_0.12.stl,,,,,,10.014,334344,1,1,-96,0.11944,96.3169,11.504,0.869,-54.64496,42.11448,-0.7387,15.71132,323.1741,44.0006,0.2022,0.0489,4000,0.02022,,0.33334,0.33333,0.33333,1.00002,1e-05,0.33334,0.33333,0.33333,0.0,0.957,46.3,OK,G' Generator_0.12,0.040136,0.039543,0.319506,0.045657,0.824085,0.059837,0.025676,0.014076,0.11944,0.86926,11.5201,8.372405,0.999992,-0.064212,1.365716,3.824779,-0.412901,0.31822,2.441923,0.232613,TPMS,G' Generator,quadratic,TPMS|G' Generator|5
TPMS,G' Generator_0.14.stl,,,,,,10.015,334040,1,1,-96,0.13989,82.7792,11.58,0.864,-54.75982,41.71963,-0.87881,15.60181,362.4001,46.3181,0.2362,0.057,4000,0.02362,,0.33334,0.33333,0.33332,1.00006,2e-05,0.33334,0.33332,0.33333,1e-05,0.949,46.8,OK,G' Generator_0.14,0.048707,0.048167,0.314566,0.046511,0.824886,0.071497,0.029914,0.017151,0.13989,0.86356,11.5973,7.148474,1.000002,-0.07589,1.347309,3.999842,-0.408363,0.311118,2.702542,0.273519,TPMS,G' Generator,quadratic,TPMS|G' Generator|6
TPMS,G' Generator_0.16.stl,,,,,,10.016,336360,1,1,-96,0.15911,73.1287,11.6352,0.857,-55.02006,41.39043,-1.01358,15.61976,365.705,43.8955,0.2684,0.063,4000,0.02684,,0.33334,0.33334,0.33332,1.00005,2e-05,0.33332,0.33334,0.33334,1e-05,0.943,47.6,OK,G' Generator_0.16,0.057106,0.056667,0.310066,0.046378,0.828868,0.082633,0.033856,0.020215,0.15911,0.85944,11.6541,6.28496,0.999974,-0.087111,1.342422,3.772547,-0.406397,0.305724,2.701222,0.312297,TPMS,G' Generator,quadratic,TPMS|G' Generator|7
TPMS,G' Generator_0.18.stl,,,,,,10.016,336816,1,1,-96,0.17947,65.1587,11.6942,0.853,-55.25281,41.56403,-1.15377,15.67078,354.1979,46.0568,0.3022,0.0692,4000,0.03022,,0.33334,0.33333,0.33332,1.00005,2e-05,0.33333,0.33332,0.33334,1e-05,0.935,45.3,OK,G' Generator_0.18,0.066697,0.066409,0.305638,0.045635,0.834428,0.09513,0.038206,0.023749,0.17947,0.85514,11.7127,5.571962,1.000014,-0.098663,1.340066,3.938488,-0.404041,0.303941,2.590105,0.353394,TPMS,G' Generator,quadratic,TPMS|G' Generator|8
TPMS,G' Generator_0.20.stl,,,,,,10.016,336376,1,1,-96,0.19896,59.0991,11.7584,0.847,-55.53643,42.37303,-1.29936,15.47892,412.7034,44.5828,0.3337,0.082,4000,0.03337,,0.33335,0.33333,0.33332,1.0001,3e-05,0.33333,0.33335,0.33332,1e-05,0.927,46.4,OK,G' Generator_0.20,0.076249,0.076154,0.301615,0.04427,0.841149,0.107369,0.042391,0.027328,0.19896,0.85046,11.7772,5.026136,1.000004,-0.110505,1.316419,3.791584,-0.401684,0.306476,2.985003,0.392376,TPMS,G' Generator,quadratic,TPMS|G' Generator|9
TPMS,G' Generator_0.22.stl,,,,,,10.017,337448,1,1,-96,0.21882,53.9363,11.8025,0.84,-55.70467,41.74633,-1.44902,15.53777,414.1858,44.5008,0.3681,0.0886,4000,0.03681,,0.33336,0.33333,0.33331,1.00016,5e-05,0.33331,0.33335,0.33334,2e-05,0.922,44.3,OK,G' Generator_0.22,0.08642,0.086565,0.297834,0.042607,0.849427,0.120186,0.046756,0.031187,0.21882,0.84729,11.8224,4.569966,1.000013,-0.122774,1.316499,3.770506,-0.399904,0.299697,2.973438,0.434444,TPMS,G' Generator,quadratic,TPMS|G' Generator|10
TPMS,G' Generator_0.24.stl,,,,,,10.015,338752,1,1,-96,0.23957,49.5089,11.8609,0.833,-55.95458,42.65091,-1.60958,15.62136,424.7801,45.2159,0.4013,0.0957,4000,0.04013,,0.33334,0.33333,0.33333,1.00005,2e-05,0.33334,0.33333,0.33333,1e-05,0.914,45.2,OK,G' Generator_0.24,0.097526,0.097968,0.294142,0.04043,0.858136,0.134024,0.051404,0.03545,0.23957,0.84311,11.8786,4.174145,1.000004,-0.135705,1.317053,3.812198,-0.397745,0.303177,3.019484,0.475976,TPMS,G' Generator,quadratic,TPMS|G' Generator|11
TPMS,G' Generator_0.26.stl,,,,,,10.014,337640,1,1,-96,0.25904,45.9413,11.9006,0.825,-56.34023,42.33951,-1.76593,15.40939,433.7867,46.5811,0.435,0.1015,4000,0.0435,,0.33334,0.33333,0.33333,1.00004,1e-05,0.33334,0.33333,0.33333,1e-05,0.907,44.7,OK,G' Generator_0.26,0.108502,0.109264,0.290936,0.038134,0.866326,0.147555,0.055977,0.039668,0.25904,0.84029,11.9173,3.860408,0.999997,-0.14839,1.294838,3.914169,-0.397812,0.298955,3.062923,0.517678,TPMS,G' Generator,quadratic,TPMS|G' Generator|12
TPMS,G' Generator_0.28.stl,,,,,,10.015,337704,1,1,-96,0.27916,42.7952,11.9465,0.82,-56.71756,42.51716,-1.94281,15.70102,455.9958,44.739,0.472,0.1147,4000,0.0472,,0.33337,0.33333,0.3333,1.0002,7e-05,0.33337,0.3333,0.33333,3e-05,0.9,45.9,OK,G' Generator_0.28,0.120719,0.121884,0.287573,0.035225,0.878089,0.162267,0.060921,0.044495,0.27916,0.83705,11.9646,3.582175,0.999983,-0.162623,1.314255,3.744881,-0.397394,0.297898,3.194952,0.563885,TPMS,G' Generator,quadratic,TPMS|G' Generator|13
TPMS,G' Generator_0.30.stl,,,,,,10.016,335580,1,1,-96,0.29852,40.0913,11.9682,0.816,-56.68204,41.83025,-2.12218,15.53519,436.9033,46.8415,0.5047,0.114,4000,0.05047,,0.33336,0.33333,0.33331,1.00015,5e-05,0.33332,0.33336,0.33331,2e-05,0.896,46.3,OK,G' Generator_0.30,0.125598,0.126221,0.293577,0.035893,0.872946,0.171623,0.066293,0.045973,0.29852,0.83556,11.9872,3.349859,1.000012,-0.17732,1.298055,3.913877,-0.395729,0.292041,3.050269,0.604028,TPMS,G' Generator,quadratic,TPMS|G' Generator|14
TPMS,G'2 Generator_0.10.stl,,,,,,10.01,341364,1,1,-72,0.09965,116.4886,11.6085,0.855,-56.61004,68.15413,-0.50867,17.37814,146.6691,30.5877,0.1881,0.0199,4000,0.01881,,0.33351,0.33328,0.33322,1.00087,0.00029,0.33345,0.33331,0.33324,9e-05,0.929,46.9,OK,G'2 Generator_0.10,0.03036,0.029883,0.320738,0.086513,0.698072,0.047232,0.018726,0.00995,0.09965,0.86147,11.6197,10.035123,1.000035,-0.04382,1.497072,2.635033,-0.420119,0.505791,1.088472,0.218348,TPMS,G'2 Generator,quadratic,TPMS|G'2 Generator|4
TPMS,G'2 Generator_0.12.stl,,,,,,10.013,342446,1,1,-72,0.11947,97.9086,11.6974,0.85,-56.5546,68.11493,-0.61193,17.20594,146.2555,30.5968,0.2245,0.0242,4000,0.02245,,0.33345,0.33332,0.33323,1.00068,0.00023,0.33332,0.33344,0.33324,8e-05,0.926,47.0,OK,G'2 Generator_0.12,0.039348,0.038715,0.321271,0.081132,0.712357,0.061022,0.024528,0.012998,0.11947,0.85491,11.7123,8.370302,1.000022,-0.052314,1.470953,2.61575,-0.413341,0.497832,1.068939,0.262601,TPMS,G'2 Generator,quadratic,TPMS|G'2 Generator|5
TPMS,G'2 Generator_0.14.stl,,,,,,10.013,343232,1,1,-72,0.13928,84.6789,11.7945,0.843,-56.4609,68.57317,-0.72258,17.17131,146.9154,31.3553,0.2594,0.0285,4000,0.02594,,0.33348,0.33329,0.33323,1.00073,0.00024,0.33343,0.33331,0.33326,7e-05,0.918,45.5,OK,G'2 Generator_0.14,0.047484,0.04683,0.318157,0.077983,0.724855,0.072643,0.028962,0.015831,0.13928,0.84788,11.8095,7.179782,1.000036,-0.061266,1.455927,2.658563,-0.405901,0.492977,1.056184,0.305938,TPMS,G'2 Generator,quadratic,TPMS|G'2 Generator|6
TPMS,G'2 Generator_0.16.stl,,,,,,10.015,345710,1,1,-72,0.15914,74.7573,11.8969,0.838,-56.70156,68.82201,-0.83555,17.24816,151.8451,31.8915,0.2955,0.0331,4000,0.02955,,0.33345,0.33329,0.33326,1.00057,0.00019,0.33331,0.33328,0.33341,5e-05,0.91,46.8,OK,G'2 Generator_0.16,0.041819,0.042062,0.292485,0.089455,0.731425,0.059897,0.020601,0.014371,0.15914,0.84056,11.9147,6.283775,1.000002,-0.070233,1.449806,2.680662,-0.400617,0.486252,1.07284,0.351553,TPMS,G'2 Generator,quadratic,TPMS|G'2 Generator|7
TPMS,G'2 Generator_0.18.stl,,,,,,10.035,347060,1,1,-72,0.17798,66.9584,11.9169,0.835,-56.9819,68.84454,-0.9455,17.24649,153.8387,31.524,0.3296,0.039,4000,0.03296,,0.33351,0.33328,0.33321,1.00092,0.00031,0.33342,0.33332,0.33326,7e-05,0.904,45.6,OK,G'2 Generator_0.18,0.051785,0.051954,0.29577,0.096803,0.699373,0.07529,0.025761,0.01732,0.17798,0.83912,11.959,5.618609,0.99997,-0.079339,1.447186,2.64524,-0.401222,0.484749,1.083211,0.392793,TPMS,G'2 Generator,quadratic,TPMS|G'2 Generator|8
TPMS,G'2 Generator_0.20.stl,,,,,,10.015,349004,1,1,-72,0.19894,60.7437,12.0842,0.824,-57.5564,69.64802,-1.0573,17.10694,160.5408,31.7806,0.3664,0.0443,4000,0.03664,,0.33354,0.33332,0.33313,1.00122,0.00041,0.33353,0.33315,0.33332,0.00015,0.899,46.2,OK,G'2 Generator_0.20,0.061728,0.061902,0.296338,0.092697,0.711033,0.089419,0.030996,0.02077,0.19894,0.82752,12.1024,5.026641,0.999987,-0.087493,1.415627,2.629897,-0.394137,0.476938,1.099357,0.442771,TPMS,G'2 Generator,quadratic,TPMS|G'2 Generator|9
TPMS,G'2 Generator_0.22.stl,,,,,,10.015,349696,1,1,-72,0.2181,55.871,12.1852,0.817,-57.50434,70.15557,-1.17114,17.17503,163.9878,31.648,0.4034,0.0516,4000,0.04034,,0.33344,0.33328,0.33328,1.00051,0.00017,0.33334,0.33332,0.33335,1e-05,0.892,47.5,OK,G'2 Generator_0.22,0.072629,0.072783,0.29725,0.076615,0.750439,0.104055,0.037547,0.024955,0.2181,0.82065,12.2037,4.585053,0.999978,-0.09611,1.409469,2.597193,-0.387272,0.472474,1.104402,0.491562,TPMS,G'2 Generator,quadratic,TPMS|G'2 Generator|10
TPMS,G'2 Generator_0.24.stl,,,,,,10.016,350734,1,1,-72,0.23848,51.5989,12.3055,0.809,-57.40901,69.5759,-1.29728,17.04112,169.2314,31.8128,0.4376,0.0596,4000,0.04376,,0.33348,0.33338,0.33315,1.00099,0.00033,0.33336,0.33319,0.33345,0.00011,0.882,47.8,OK,G'2 Generator_0.24,0.084001,0.084275,0.295765,0.065923,0.781899,0.118569,0.043486,0.029354,0.23848,0.81266,12.325,4.193224,1.000016,-0.105424,1.38486,2.585291,-0.379136,0.459488,1.117625,0.53848,TPMS,G'2 Generator,quadratic,TPMS|G'2 Generator|11
TPMS,G'2 Generator_0.26.stl,,,,,,10.013,355104,1,1,-108,0.25827,48.4558,12.5146,0.797,-57.57354,70.53184,-1.40987,17.14847,181.8581,32.3169,0.472,0.0651,4000,0.0472,,0.3334,0.33333,0.33327,1.00038,0.00013,0.33332,0.33328,0.3334,5e-05,0.87,47.4,OK,G'2 Generator_0.26,0.096508,0.096923,0.294442,0.058546,0.802757,0.134988,0.049905,0.034151,0.25827,0.79906,12.531,3.871917,0.999994,-0.112657,1.370268,2.582319,-0.367607,0.450345,1.161163,0.590693,TPMS,G'2 Generator,quadratic,TPMS|G'2 Generator|12
TPMS,G'2 Generator_0.28.stl,,,,,,10.018,355070,1,1,-96,0.27779,45.0739,12.5209,0.795,-57.81014,70.89473,-1.53615,17.18518,180.5256,32.457,0.5093,0.0757,4000,0.05093,,0.33339,0.33337,0.33324,1.00046,0.00015,0.33324,0.33338,0.33338,6e-05,0.868,47.5,OK,G'2 Generator_0.28,0.107514,0.10822,0.291523,0.054841,0.8166,0.148492,0.054555,0.038354,0.27779,0.79865,12.5437,3.599842,0.999986,-0.122685,1.3725,2.592189,-0.36874,0.4522,1.151477,0.637699,TPMS,G'2 Generator,quadratic,TPMS|G'2 Generator|13
TPMS,G'2 Generator_0.30.stl,,,,,,10.012,359136,1,1,-108,0.29829,42.63,12.7162,0.782,-58.14791,72.83489,-1.66294,17.23328,188.5013,33.6173,0.5468,0.0839,4000,0.05468,,0.33339,0.33331,0.3333,1.00026,9e-05,0.33331,0.33331,0.33338,4e-05,0.855,46.3,OK,G'2 Generator_0.30,0.11815,0.119184,0.288732,0.051085,0.828413,0.161625,0.058989,0.042512,0.29829,0.7864,12.7314,3.352442,1.000008,-0.130774,1.355233,2.643679,-0.359605,0.450434,1.165752,0.695316,TPMS,G'2 Generator,quadratic,TPMS|G'2 Generator|14
TPMS,Gyroid Generator_0.11.stl,,,,,,10.013,203136,1,1,-2,0.10974,60.6885,6.6598,0.863,-16.66549,13.04961,-0.29704,10.02898,31.9189,14.3875,0.3609,0.0247,4000,0.03609,,0.33334,0.33334,0.33332,1.00005,2e-05,0.33333,0.33334,0.33333,0.0,0.95,28.6,OK,Gyroid Generator_0.11,0.037711,0.037095,0.321578,0.015405,1.071545,0.053477,0.026101,0.014667,0.10974,1.50151,6.6686,9.112448,0.999977,-0.044601,1.505863,2.1603,-0.37573,0.294208,0.719623,0.240358,TPMS,Gyroid Generator,quadratic,TPMS|Gyroid Generator|5
TPMS,Gyroid Generator_0.13.stl,,,,,,10.017,203520,1,1,-2,0.12902,52.2004,6.735,0.857,-16.65834,13.44593,-0.34571,9.86527,31.681,14.1186,0.4261,0.0335,4000,0.04261,,0.33336,0.33335,0.33329,1.0002,7e-05,0.33333,0.33333,0.33333,0.0,0.94,28.1,OK,Gyroid Generator_0.13,0.045284,0.044641,0.318707,0.017645,1.081124,0.063477,0.030707,0.017714,0.12902,1.4848,6.7464,7.750736,1.000016,-0.051331,1.464799,2.096335,-0.367257,0.296435,0.698453,0.286974,TPMS,Gyroid Generator,quadratic,TPMS|Gyroid Generator|6
TPMS,Gyroid Generator_0.15.stl,,,,,,10.017,205440,1,1,-2,0.14909,45.7633,6.8226,0.848,-16.69433,13.42698,-0.4037,9.92229,31.6031,14.143,0.4914,0.0451,4000,0.04914,,0.33334,0.33334,0.33333,1.00003,1e-05,0.33333,0.33333,0.33333,0.0,0.932,29.3,OK,Gyroid Generator_0.15,0.053379,0.052737,0.315822,0.019739,1.089928,0.073985,0.035461,0.020994,0.14909,1.46566,6.8345,6.707358,0.999963,-0.059169,1.454273,2.072887,-0.358622,0.288434,0.678888,0.335275,TPMS,Gyroid Generator,quadratic,TPMS|Gyroid Generator|7
TPMS,Gyroid Generator_0.17.stl,,,,,,10.016,206848,1,1,-2,0.16919,40.811,6.9048,0.838,-16.75898,13.41785,-0.46506,9.88152,31.8252,14.3625,0.5569,0.0576,4000,0.05569,,0.33336,0.33335,0.33329,1.00021,7e-05,0.33333,0.33333,0.33334,1e-05,0.923,30.4,OK,Gyroid Generator_0.17,0.061815,0.061205,0.312955,0.021775,1.098222,0.084751,0.040244,0.024439,0.16919,1.44827,6.9158,5.910515,0.999998,-0.067353,1.431106,2.080071,-0.351515,0.281436,0.667525,0.384529,TPMS,Gyroid Generator,quadratic,TPMS|Gyroid Generator|8
TPMS,Gyroid Generator_0.19.stl,,,,,,10.014,208416,1,1,-2,0.18938,36.915,6.991,0.831,-16.83157,13.56398,-0.51998,10.07911,32.0357,14.3785,0.6224,0.0725,4000,0.06224,,0.33334,0.33334,0.33333,1.00003,1e-05,0.33333,0.33333,0.33333,0.0,0.913,29.7,OK,Gyroid Generator_0.19,0.070677,0.070131,0.310133,0.023794,1.10639,0.095886,0.045116,0.028085,0.18938,1.43042,7.0007,5.280389,1.000005,-0.074379,1.441734,2.056727,-0.34439,0.277532,0.655481,0.435118,TPMS,Gyroid Generator,quadratic,TPMS|Gyroid Generator|9
TPMS,Gyroid Generator_0.21.stl,,,,,,10.016,209184,1,1,-2,0.2094,33.7472,7.0668,0.823,-16.86983,13.63084,-0.58098,9.99991,32.1154,14.41,0.6899,0.0876,4000,0.06899,,0.33335,0.33335,0.33329,1.00019,6e-05,0.33333,0.33333,0.33334,0.0,0.904,28.3,OK,Gyroid Generator_0.21,0.080758,0.080406,0.30569,0.026517,1.11668,0.107863,0.049972,0.032322,0.2094,1.41509,7.078,4.775549,1.000019,-0.082214,1.415082,2.039152,-0.337817,0.272957,0.643109,0.487529,TPMS,Gyroid Generator,quadratic,TPMS|Gyroid Generator|10
TPMS,Gyroid Generator_0.23.stl,,,,,,10.015,212064,1,1,-2,0.22906,31.2017,7.1469,0.81,-16.9569,13.9098,-0.64156,10.01276,31.7811,14.5217,0.7548,0.1028,4000,0.07548,,0.33334,0.33334,0.33331,1.00009,3e-05,0.33333,0.33333,0.33333,0.0,0.896,29.7,OK,Gyroid Generator_0.23,0.089079,0.088772,0.304495,0.027319,1.120044,0.118469,0.054672,0.035727,0.22906,1.39918,7.1578,4.365668,0.999977,-0.089766,1.400962,2.031842,-0.331964,0.272311,0.622177,0.53946,TPMS,Gyroid Generator,quadratic,TPMS|Gyroid Generator|11
TPMS,Gyroid Generator_0.25.stl,,,,,,10.017,211776,1,1,-2,0.24851,29.0482,7.2186,0.806,-17.01298,14.19158,-0.69645,10.11762,32.2172,14.2591,0.8194,0.1268,4000,0.08194,,0.33336,0.33335,0.33329,1.0002,7e-05,0.33333,0.33333,0.33334,0.0,0.886,29.9,OK,Gyroid Generator_0.25,0.098877,0.098748,0.301694,0.028813,1.12491,0.130286,0.059507,0.03981,0.24851,1.38528,7.231,4.023983,0.999977,-0.096478,1.401572,1.975282,-0.326478,0.272336,0.618246,0.591506,TPMS,Gyroid Generator,quadratic,TPMS|Gyroid Generator|12
TPMS,Gyroid Generator_0.27.stl,,,,,,10.016,213024,1,1,-2,0.26879,27.1454,7.2964,0.794,-17.04283,14.24139,-0.76341,10.17063,32.193,14.9078,0.8844,0.1428,4000,0.08844,,0.33335,0.33334,0.33331,1.00011,4e-05,0.33333,0.33333,0.33334,0.0,0.877,31.2,OK,Gyroid Generator_0.27,0.10929,0.109397,0.298722,0.030123,1.128989,0.142692,0.064433,0.044177,0.26879,1.37054,7.3081,3.720377,0.999998,-0.104628,1.393922,2.043169,-0.320128,0.267506,0.604704,0.645295,TPMS,Gyroid Generator,quadratic,TPMS|Gyroid Generator|13
TPMS,Gyroid Generator_0.29.stl,,,,,,10.017,213680,1,1,-2,0.28835,25.5419,7.3649,0.787,-17.19082,14.26532,-0.82605,10.18586,33.1906,14.6282,0.9505,0.158,4000,0.09505,,0.33335,0.33335,0.3333,1.00016,5e-05,0.33333,0.33333,0.33334,0.0,0.868,32.7,OK,Gyroid Generator_0.29,0.11989,0.120265,0.295954,0.031536,1.13391,0.155122,0.069325,0.048643,0.28835,1.35777,7.3775,3.468008,0.999985,-0.112159,1.383008,1.986176,-0.31692,0.262988,0.611884,0.700044,TPMS,Gyroid Generator,quadratic,TPMS|Gyroid Generator|14
TPMS,Gyroid Generator_0.30.stl,,,,,,10.013,214800,1,1,-2,0.29874,24.7893,7.4057,0.779,-17.26246,14.50237,-0.8527,10.20991,33.5072,14.8292,0.9843,0.1728,4000,0.09843,,0.33334,0.33334,0.33332,1.00007,2e-05,0.33333,0.33334,0.33333,0.0,0.863,31.2,OK,Gyroid Generator_0.30,0.131572,0.132864,0.287351,0.03543,1.145732,0.166031,0.071756,0.054007,0.29874,1.35034,7.4152,3.347392,1.00002,-0.115143,1.378683,2.002443,-0.314766,0.264438,0.610974,0.728929,TPMS,Gyroid Generator,quadratic,TPMS|Gyroid Generator|14
TPMS,IWP Generator_0.10.stl,,,,,,10.012,214416,1,1,-12,0.09982,74.6738,7.4537,0.906,-20.96875,26.1404,-0.33394,9.95523,93.4739,19.972,0.2794,0.027,4000,0.02794,,0.33333,0.33333,0.33333,1.0,0.0,0.33333,0.33333,0.33333,0.0,0.957,30.9,OK,IWP Generator_0.10,0.028002,0.029195,0.246886,0.012313,1.040952,0.033053,0.011131,0.01141,0.09982,1.34157,7.4629,10.018032,0.999968,-0.0448,1.335566,2.679389,-0.377399,0.470479,1.682359,0.208263,TPMS,IWP Generator,quadratic,TPMS|IWP Generator|4
TPMS,IWP Generator_0.12.stl,,,,,,10.012,214848,1,1,-12,0.11933,63.0375,7.522,0.898,-20.99661,26.32883,-0.3974,10.17572,93.8765,19.2834,0.3333,0.0328,4000,0.03333,,0.33334,0.33334,0.33331,1.0001,3e-05,0.33334,0.33334,0.33331,2e-05,0.95,30.3,OK,IWP Generator_0.12,0.034916,0.036339,0.249109,0.002452,0.992288,0.041911,0.013831,0.013932,0.11933,1.32939,7.5313,8.380122,0.999965,-0.05283,1.352747,2.56351,-0.371067,0.465301,1.659051,0.250717,TPMS,IWP Generator,quadratic,TPMS|IWP Generator|5
TPMS,IWP Generator_0.14.stl,,,,,,10.01,217584,1,1,-12,0.14001,54.2425,7.5944,0.887,-21.08441,26.51884,-0.47304,10.01303,94.818,19.8468,0.3913,0.0384,4000,0.03913,,0.33334,0.33333,0.33333,1.00001,0.0,0.33333,0.33333,0.33334,0.0,0.942,31.0,OK,IWP Generator_0.14,0.042661,0.044302,0.251859,0.016544,0.947376,0.052122,0.01692,0.016675,0.14001,1.31674,7.6021,7.142347,0.999988,-0.062287,1.318459,2.613315,-0.365564,0.459787,1.643968,0.297172,TPMS,IWP Generator,quadratic,TPMS|IWP Generator|7
TPMS,IWP Generator_0.16.stl,,,,,,10.015,217104,1,1,-12,0.15937,47.9767,7.646,0.886,-21.05783,26.85017,-0.54228,10.00183,93.7947,20.1442,0.4447,0.0438,4000,0.04447,,0.33334,0.33334,0.33333,1.00002,1e-05,0.33334,0.33334,0.33333,0.0,0.936,30.9,OK,IWP Generator_0.16,0.050438,0.05227,0.254457,0.028207,0.911569,0.062567,0.020066,0.019371,0.15937,1.30787,7.6575,6.274707,0.999994,-0.070923,1.308105,2.63459,-0.360197,0.459275,1.60437,0.34002,TPMS,IWP Generator,quadratic,TPMS|IWP Generator|7
TPMS,IWP Generator_0.18.stl,,,,,,10.014,218752,1,1,-12,0.17898,43.0551,7.7059,0.875,-21.23941,26.55036,-0.61713,10.00457,95.391,20.1298,0.4963,0.0481,4000,0.04963,,0.33333,0.33333,0.33333,1.0,0.0,0.33333,0.33333,0.33333,0.0,0.928,34.1,OK,IWP Generator_0.18,0.058452,0.060478,0.256452,0.037636,0.883199,0.073418,0.023293,0.022135,0.17898,1.29769,7.7168,5.587216,0.999987,-0.080084,1.298283,2.612224,-0.357671,0.447108,1.606383,0.382449,TPMS,IWP Generator,quadratic,TPMS|IWP Generator|8
TPMS,IWP Generator_0.20.stl,,,,,,10.009,220416,1,1,-12,0.19997,38.9048,7.7799,0.865,-21.20149,27.00602,-0.68346,10.11233,93.7543,20.4167,0.5539,0.0529,4000,0.05539,,0.33334,0.33334,0.33333,1.00003,1e-05,0.33334,0.33334,0.33333,0.0,0.92,32.5,OK,IWP Generator_0.20,0.067543,0.069771,0.258478,0.047435,0.855076,0.085909,0.026958,0.025204,0.19997,1.28538,7.7868,5.00075,1.000014,-0.087851,1.29982,2.624324,-0.350292,0.446195,1.549013,0.430923,TPMS,IWP Generator,quadratic,TPMS|IWP Generator|9
TPMS,IWP Generator_0.22.stl,,,,,,10.013,220448,1,1,-12,0.21949,35.6675,7.8286,0.864,-21.37799,27.5291,-0.7531,9.99728,96.4231,19.931,0.6089,0.0599,4000,0.06089,,0.33334,0.33334,0.33332,1.00008,3e-05,0.33334,0.33334,0.33332,1e-05,0.913,31.9,OK,IWP Generator_0.22,0.076706,0.079134,0.2601,0.055225,0.832819,0.098574,0.030643,0.028287,0.21949,1.27736,7.8388,4.556016,0.999992,-0.096198,1.27701,2.545902,-0.348813,0.449177,1.573281,0.476687,TPMS,IWP Generator,quadratic,TPMS|IWP Generator|10
TPMS,IWP Generator_0.24.stl,,,,,,10.01,221824,1,1,-12,0.23943,32.93,7.8845,0.851,-21.39443,27.6297,-0.83302,10.05904,101.9365,20.4109,0.6654,0.066,4000,0.06654,,0.33335,0.33335,0.33331,1.00013,4e-05,0.33335,0.33335,0.33331,2e-05,0.908,33.6,OK,IWP Generator_0.24,0.086382,0.089018,0.261495,0.061938,0.814279,0.111974,0.034535,0.031528,0.23943,1.26832,7.8923,4.176586,1.000009,-0.105654,1.275811,2.58876,-0.34416,0.444463,1.639793,0.52463,TPMS,IWP Generator,quadratic,TPMS|IWP Generator|11
TPMS,IWP Generator_0.26.stl,,,,,,10.013,222656,1,1,-12,0.25903,30.6031,7.9271,0.846,-21.54981,28.63309,-0.91291,9.99213,102.9453,20.3744,0.7182,0.0709,4000,0.07182,,0.33333,0.33333,0.33333,1.0,0.0,0.33333,0.33333,0.33333,0.0,0.899,33.0,OK,IWP Generator_0.26,0.096604,0.099472,0.262518,0.067512,0.798715,0.126186,0.038619,0.03497,0.25903,1.26149,7.9374,3.860557,0.999997,-0.115163,1.260499,2.570214,-0.342936,0.455656,1.638233,0.569326,TPMS,IWP Generator,quadratic,TPMS|IWP Generator|12
TPMS,IWP Generator_0.28.stl,,,,,,10.013,222672,1,1,-12,0.27894,28.5983,7.9771,0.841,-21.72919,28.80344,-0.98552,10.01547,100.7517,21.1878,0.7691,0.079,4000,0.07691,,0.33336,0.33332,0.33331,1.00015,5e-05,0.33331,0.33332,0.33336,2e-05,0.891,33.1,OK,IWP Generator_0.28,0.107314,0.110449,0.263107,0.072336,0.786487,0.140909,0.042796,0.038582,0.27894,1.25357,7.9876,3.585,0.999986,-0.123542,1.25551,2.656041,-0.341461,0.452629,1.583253,0.613527,TPMS,IWP Generator,quadratic,TPMS|IWP Generator|13
TPMS,IWP Generator_0.30.stl,,,,,,10.011,223920,1,1,-12,0.29909,26.8373,8.0268,0.831,-21.6085,29.25331,-1.05853,10.27242,104.4136,21.1856,0.8222,0.0872,4000,0.08222,,0.33334,0.33334,0.33333,1.00003,1e-05,0.33334,0.33334,0.33333,0.0,0.886,31.8,OK,IWP Generator_0.30,0.118447,0.12188,0.263386,0.07662,0.775516,0.15616,0.047012,0.042323,0.29909,1.24583,8.0356,3.343475,1.000004,-0.131875,1.27977,2.639369,-0.335385,0.454039,1.620599,0.659961,TPMS,IWP Generator,quadratic,TPMS|IWP Generator|14
TPMS,K Generator_0.10.stl,,,,,,10.015,256512,1,1,-44,0.09918,84.3126,8.3622,0.888,-28.03231,34.72057,-0.527,10.30671,166.0018,22.2199,0.2348,0.0446,4000,0.02348,,0.33333,0.33333,0.33333,1.00001,0.0,0.33333,0.33333,0.33333,0.0,0.965,31.5,OK,K Generator_0.10,0.026491,0.026942,0.27823,0.192891,2.208998,0.028503,0.01561,0.014241,0.09918,1.19587,8.3747,10.082678,1.000009,-0.063022,1.232547,2.657208,-0.40089,0.496539,2.373994,0.196343,TPMS,K Generator,quadratic,TPMS|K Generator|4
TPMS,K Generator_0.12.stl,,,,,,10.012,258976,1,1,-44,0.11963,70.7295,8.4611,0.883,-27.32723,34.8404,-0.6405,10.00725,164.6021,23.0324,0.2837,0.052,4000,0.02837,,0.33336,0.33333,0.3333,1.00017,6e-05,0.3333,0.33333,0.33336,2e-05,0.955,32.4,OK,K Generator_0.12,0.033442,0.034045,0.276985,0.180422,2.075612,0.036268,0.019355,0.017553,0.11963,1.18184,8.4715,8.359107,0.999968,-0.075697,1.182699,2.722065,-0.381693,0.486633,2.29908,0.240049,TPMS,K Generator,quadratic,TPMS|K Generator|5
TPMS,K Generator_0.14.stl,,,,,,10.015,259488,1,1,-44,0.139,61.4715,8.5448,0.874,-27.76163,33.53809,-0.77088,10.16286,179.6242,22.5901,0.3264,0.0602,4000,0.03264,,0.33333,0.33333,0.33333,1.00001,0.0,0.33333,0.33333,0.33333,0.0,0.945,32.7,OK,K Generator_0.14,0.040559,0.041339,0.275459,0.168294,1.955311,0.044295,0.02301,0.02081,0.139,1.17034,8.5573,7.194245,1.000031,-0.090219,1.189398,2.643806,-0.380249,0.459368,2.460297,0.278894,TPMS,K Generator,quadratic,TPMS|K Generator|6
TPMS,K Generator_0.16.stl,,,,,,10.014,261360,1,1,-44,0.15947,54.1228,8.6311,0.864,-26.75827,33.68632,-0.89171,10.18268,163.4136,22.8774,0.3698,0.0642,4000,0.03698,,0.33334,0.33333,0.33333,1.00002,1e-05,0.33333,0.33333,0.33334,0.0,0.938,33.3,OK,K Generator_0.16,0.048618,0.049625,0.27361,0.155197,1.836348,0.053476,0.026948,0.024358,0.15947,1.15862,8.643,6.270772,1.000016,-0.103315,1.179785,2.65062,-0.359203,0.452205,2.193662,0.319173,TPMS,K Generator,quadratic,TPMS|K Generator|7
TPMS,K Generator_0.18.stl,,,,,,10.015,262464,1,1,-44,0.17888,48.686,8.7088,0.86,-27.43059,32.754,-1.01251,9.99679,186.6422,23.3978,0.4157,0.0727,4000,0.04157,,0.33333,0.33333,0.33333,1.0,0.0,0.33333,0.33333,0.33333,0.0,0.927,32.5,OK,K Generator_0.18,0.056778,0.058039,0.271766,0.142746,1.732872,0.062877,0.030756,0.027831,0.17888,1.14824,8.722,5.59034,0.999983,-0.116261,1.147875,2.686638,-0.361662,0.43185,2.46081,0.362031,TPMS,K Generator,quadratic,TPMS|K Generator|8
TPMS,K Generator_0.20.stl,,,,,,10.015,263568,1,1,-44,0.19936,44.0733,8.7864,0.849,-26.83986,31.69584,-1.16717,10.08517,174.8515,23.6327,0.4513,0.081,4000,0.04513,,0.33334,0.33333,0.33332,1.00005,2e-05,0.33333,0.33333,0.33334,1e-05,0.921,34.2,OK,K Generator_0.20,0.065999,0.067572,0.269745,0.129433,1.631772,0.073617,0.03485,0.031629,0.19936,1.13812,8.7996,5.016051,0.999994,-0.132837,1.147809,2.689675,-0.347659,0.410559,2.264864,0.396533,TPMS,K Generator,quadratic,TPMS|K Generator|9
TPMS,K Generator_0.22.stl,,,,,,10.014,264592,1,1,-44,0.21882,40.4412,8.8494,0.84,-26.93797,31.55689,-1.27295,9.95133,201.1311,24.2637,0.4942,0.0854,4000,0.04942,,0.33337,0.33333,0.3333,1.00022,7e-05,0.3333,0.33333,0.33337,3e-05,0.91,33.8,OK,K Generator_0.22,0.075175,0.077077,0.267921,0.117131,1.547119,0.084423,0.038773,0.035313,0.21882,1.13003,8.8617,4.569966,1.000006,-0.143847,1.124528,2.741864,-0.343988,0.402969,2.568367,0.437335,TPMS,K Generator,quadratic,TPMS|K Generator|10
TPMS,K Generator_0.24.stl,,,,,,10.015,265520,1,1,-44,0.23884,37.388,8.9297,0.832,-25.92291,29.78376,-1.43785,9.99615,186.15,23.806,0.5395,0.0957,4000,0.05395,,0.33338,0.33334,0.33328,1.00029,0.0001,0.33333,0.33337,0.3333,3e-05,0.901,35.3,OK,K Generator_0.24,0.085271,0.087556,0.266083,0.104301,1.465973,0.096456,0.042904,0.039253,0.23884,1.11985,8.9432,4.186903,0.999994,-0.161018,1.119421,2.66592,-0.325091,0.373509,2.334449,0.48176,TPMS,K Generator,quadratic,TPMS|K Generator|11
TPMS,K Generator_0.26.stl,,,,,,10.017,265632,1,1,-44,0.25864,34.6907,8.9723,0.823,-25.05055,29.1629,-1.59987,10.03774,189.586,24.1536,0.5783,0.1046,4000,0.05783,,0.33334,0.33333,0.33333,1.00004,1e-05,0.33333,0.33333,0.33334,1e-05,0.894,34.7,OK,K Generator_0.26,0.096014,0.09872,0.264356,0.091402,1.391445,0.109438,0.047141,0.043341,0.25864,1.11453,8.9876,3.866378,0.999989,-0.17831,1.118735,2.691988,-0.311171,0.362254,2.354988,0.518874,TPMS,K Generator,quadratic,TPMS|K Generator|12
TPMS,K Generator_0.28.stl,,,,,,10.017,266496,1,1,-44,0.27925,32.3432,9.0317,0.815,-24.03278,27.37395,-1.7754,9.72458,193.5507,25.2677,0.6176,0.1136,4000,0.06176,,0.33334,0.33333,0.33333,1.00002,1e-05,0.33333,0.33333,0.33334,0.0,0.883,33.8,OK,K Generator_0.28,0.107729,0.110904,0.262783,0.078336,1.322088,0.123801,0.05164,0.047701,0.27925,1.10719,9.0472,3.581021,0.999985,-0.196571,1.0767,2.797625,-0.294613,0.335572,2.372698,0.557806,TPMS,K Generator,quadratic,TPMS|K Generator|13
TPMS,K Generator_0.30.stl,,,,,,10.013,266306,1,1,-44,0.29902,30.4467,9.1043,0.807,-21.22307,25.56547,-1.9846,9.7469,186.1773,25.4437,0.6609,0.1195,4000,0.06609,,0.33343,0.33332,0.33325,1.00053,0.00018,0.33338,0.33328,0.33335,4e-05,0.875,33.9,OK,K Generator_0.30,0.119555,0.123213,0.261405,0.065888,1.261193,0.138484,0.05602,0.052002,0.29902,1.0984,9.116,3.344258,1.000014,-0.217988,1.070597,2.79473,-0.256051,0.308442,2.246186,0.601695,TPMS,K Generator,quadratic,TPMS|K Generator|14
TPMS,Neovius Generator_0.10.stl,,,,,,10.014,206784,1,1,-20,0.09896,75.0076,7.4225,0.894,-25.73996,25.37448,-0.58375,8.85625,239.1013,27.5073,0.2594,0.0872,4000,0.02594,,0.33334,0.33334,0.33332,1.00004,1e-05,0.33334,0.33334,0.33332,1e-05,0.952,33.9,OK,Neovius Generator_0.10,0.027103,0.026223,0.343629,0.218361,0.388002,0.052343,0.017159,0.006826,0.09896,1.34721,7.4331,10.105093,0.999966,-0.078643,1.193122,3.705809,-0.467173,0.46054,4.339623,0.192546,TPMS,Neovius Generator,quadratic,TPMS|Neovius Generator|4
TPMS,Neovius Generator_0.12.stl,,,,,,10.013,207264,1,1,-20,0.11931,62.817,7.495,0.883,-25.93299,25.31245,-0.71544,8.7233,246.0869,28.32,0.3128,0.1012,4000,0.03128,,0.33334,0.33333,0.33333,1.00001,0.0,0.33333,0.33333,0.33334,0.0,0.941,37.4,OK,Neovius Generator_0.12,0.03428,0.033292,0.338545,0.212246,0.406409,0.064401,0.020877,0.008844,0.11931,1.33428,7.5044,8.381527,1.000041,-0.09546,1.16393,3.778672,-0.461684,0.450636,4.381072,0.234434,TPMS,Neovius Generator,quadratic,TPMS|Neovius Generator|5
TPMS,Neovius Generator_0.14.stl,,,,,,10.013,207936,1,1,-20,0.13965,54.0893,7.5535,0.874,-25.86191,26.39251,-0.8414,8.60263,241.7898,29.1002,0.3636,0.1113,4000,0.03636,,0.33334,0.33333,0.33333,1.00001,0.0,0.33333,0.33333,0.33334,0.0,0.932,35.7,OK,Neovius Generator_0.14,0.042017,0.040963,0.333421,0.204864,0.42695,0.076757,0.024679,0.011117,0.13965,1.32388,7.5634,7.160759,0.999991,-0.111391,1.138883,3.852509,-0.453269,0.462569,4.237731,0.274648,TPMS,Neovius Generator,quadratic,TPMS|Neovius Generator|6
TPMS,Neovius Generator_0.16.stl,,,,,,10.008,208320,1,1,-20,0.1594,47.7571,7.6125,0.865,-26.09543,25.22279,-0.97681,8.44896,259.4288,29.4423,0.412,0.1234,4000,0.0412,,0.33335,0.33334,0.33331,1.00013,4e-05,0.33334,0.33335,0.33331,1e-05,0.923,35.5,OK,Neovius Generator_0.16,0.049932,0.048859,0.328537,0.196837,0.448228,0.088812,0.028395,0.01354,0.1594,1.31363,7.6186,6.273526,1.000002,-0.128317,1.109882,3.867635,-0.45031,0.435252,4.476779,0.313634,TPMS,Neovius Generator,quadratic,TPMS|Neovius Generator|7
TPMS,Neovius Generator_0.18.stl,,,,,,10.013,208704,1,1,-20,0.17878,42.7588,7.6444,0.856,-26.27394,24.7322,-1.11519,8.34154,265.5297,30.1587,0.4583,0.1337,4000,0.04583,,0.33334,0.33333,0.33333,1.00004,1e-05,0.33333,0.33333,0.33334,1e-05,0.913,33.6,OK,Neovius Generator_0.18,0.058499,0.057453,0.323661,0.18807,0.470981,0.101324,0.032269,0.016262,0.17878,1.30814,7.6544,5.593467,0.999998,-0.145883,1.091194,3.945192,-0.44961,0.423227,4.543852,0.350344,TPMS,Neovius Generator,quadratic,TPMS|Neovius Generator|8
TPMS,Neovius Generator_0.20.stl,,,,,,10.016,208704,1,1,-20,0.19916,38.5347,7.6744,0.847,-26.10896,23.64805,-1.27442,8.31085,285.5754,31.942,0.5119,0.1431,4000,0.05119,,0.33333,0.33333,0.33333,1.00001,0.0,0.33333,0.33333,0.33333,0.0,0.905,33.9,OK,Neovius Generator_0.20,0.06814,0.067179,0.318605,0.178209,0.496134,0.114837,0.036487,0.019436,0.19916,1.303,7.6869,5.021089,0.999978,-0.166057,1.082907,4.162057,-0.443283,0.401501,4.848558,0.392861,TPMS,Neovius Generator,quadratic,TPMS|Neovius Generator|9
TPMS,Neovius Generator_0.22.stl,,,,,,10.014,209664,1,1,-20,0.21934,35.1422,7.7081,0.832,-26.70495,22.10911,-1.4396,8.04634,308.2787,33.2116,0.5639,0.1533,4000,0.05639,,0.33333,0.33333,0.33333,1.0,0.0,0.33333,0.33333,0.33333,0.0,0.891,33.6,OK,Neovius Generator_0.22,0.078192,0.077367,0.313857,0.168107,0.521682,0.128433,0.040794,0.02286,0.21934,1.29734,7.7189,4.559132,1.000001,-0.186765,1.043882,4.308668,-0.449467,0.372115,5.188597,0.434659,TPMS,Neovius Generator,quadratic,TPMS|Neovius Generator|10
TPMS,Neovius Generator_0.24.stl,,,,,,10.014,208800,1,1,-20,0.23948,32.2725,7.7285,0.817,-26.75683,18.7514,-1.61125,7.86897,332.2225,34.2099,0.6146,0.1615,4000,0.06146,,0.33334,0.33333,0.33333,1.00001,0.0,0.33333,0.33333,0.33334,0.0,0.88,34.0,OK,Neovius Generator_0.24,0.088999,0.088372,0.309233,0.157494,0.548458,0.142566,0.045348,0.02666,0.23948,1.29389,7.7395,4.175714,0.999985,-0.208478,1.01816,4.426393,-0.447951,0.313928,5.561928,0.475001,TPMS,Neovius Generator,quadratic,TPMS|Neovius Generator|11
TPMS,Neovius Generator_0.26.stl,,,,,,10.015,207744,1,1,-20,0.25879,29.8752,7.7314,0.805,-26.55958,16.43269,-1.81081,7.83701,358.4438,36.8856,0.6658,0.171,4000,0.06658,,0.33333,0.33333,0.33333,1.0,0.0,0.33333,0.33333,0.33333,0.0,0.868,33.6,OK,Neovius Generator_0.26,0.100112,0.099729,0.304999,0.147079,0.574866,0.156711,0.049987,0.030676,0.25879,1.29343,7.743,3.864137,1.0,-0.234215,1.013659,4.770881,-0.444329,0.274911,5.996591,0.514757,TPMS,Neovius Generator,quadratic,TPMS|Neovius Generator|12
TPMS,Neovius Generator_0.28.stl,,,,,,10.014,207152,1,1,-20,0.27919,27.6896,7.7307,0.793,-26.13581,13.81422,-2.03106,7.52849,400.1578,37.0207,0.7093,0.1807,4000,0.07093,,0.33335,0.33333,0.33332,1.00008,3e-05,0.33332,0.33333,0.33335,1e-05,0.856,33.0,OK,Neovius Generator_0.28,0.112513,0.112434,0.300908,0.136066,0.602853,0.172182,0.055186,0.035266,0.27919,1.29355,7.7415,3.58179,1.000005,-0.262728,0.973848,4.788815,-0.437324,0.23115,6.695734,0.548336,TPMS,Neovius Generator,quadratic,TPMS|Neovius Generator|13
TPMS,Neovius Generator_0.30.stl,,,,,,10.015,205776,1,1,-20,0.29904,25.7592,7.703,0.778,-25.11423,10.73626,-2.28223,7.15657,452.876,42.2203,0.7644,0.1967,4000,0.07644,,0.33333,0.33333,0.33333,1.00001,0.0,0.33333,0.33333,0.33333,0.0,0.841,32.9,OK,Neovius Generator_0.30,0.124843,0.12511,0.297224,0.125438,0.629978,0.187174,0.060328,0.039955,0.29904,1.29819,7.7146,3.344034,0.999996,-0.296277,0.929059,5.480998,-0.42325,0.180938,7.63231,0.58882,TPMS,Neovius Generator,quadratic,TPMS|Neovius Generator|14
TPMS,OCTO Generator_0.14.stl,,,,,,10.045,215556,1,1,4,0.1376,56.0429,7.7114,0.896,-10.22221,8.66976,-1.31918,4.62772,226.1297,28.3885,0.3194,0.117,4000,0.03194,,0.3334,0.33334,0.33326,1.00044,0.00015,0.33326,0.33334,0.3334,6e-05,0.958,32.3,OK,OCTO Generator_0.14,0.042192,0.043494,0.261087,0.079121,0.770652,0.055507,0.016396,0.015071,0.1376,1.29676,7.7462,7.267442,0.999987,-0.171067,0.600106,3.681319,-0.171896,0.14579,3.80259,0.246305,TPMS,OCTO Generator,quadratic,TPMS|OCTO Generator|6
TPMS,OCTO Generator_0.16.stl,,,,,,10.04,215520,1,1,4,0.15805,48.8954,7.7281,0.885,-10.47544,9.67213,-1.39712,4.60787,203.7726,30.3378,0.3664,0.1271,4000,0.03664,,0.3334,0.33332,0.33328,1.00035,0.00012,0.33329,0.33332,0.33339,4e-05,0.95,32.5,OK,OCTO Generator_0.16,0.061726,0.063493,0.263816,0.069877,0.79219,0.080998,0.024838,0.022245,0.15805,1.29401,7.7588,6.327112,1.000024,-0.180789,0.596263,3.92574,-0.175407,0.161956,3.412092,0.283151,TPMS,OCTO Generator,quadratic,TPMS|OCTO Generator|7
TPMS,OCTO Generator_0.18.stl,,,,,,10.042,216224,1,1,4,0.17769,43.4979,7.7292,0.874,-10.63972,11.00973,-1.48764,4.60048,196.6738,28.9364,0.4159,0.1398,4000,0.04159,,0.33341,0.3333,0.33329,1.00036,0.00012,0.3333,0.3333,0.33341,5e-05,0.941,31.5,OK,OCTO Generator_0.18,0.071972,0.073959,0.265084,0.066829,0.799205,0.094444,0.029372,0.026003,0.17769,1.2938,7.7616,5.627779,1.000008,-0.192472,0.595212,3.743805,-0.178102,0.184295,3.292183,0.321455,TPMS,OCTO Generator,quadratic,TPMS|OCTO Generator|8
TPMS,OCTO Generator_0.20.stl,,,,,,10.029,216400,1,1,4,0.19786,39.2494,7.7658,0.866,-10.71553,11.70536,-1.54513,4.50573,190.4693,28.4946,0.4668,0.1503,4000,0.04668,,0.33334,0.33333,0.33333,1.00003,1e-05,0.33333,0.33333,0.33334,0.0,0.933,31.2,OK,OCTO Generator_0.20,0.082653,0.084857,0.266231,0.063944,0.806087,0.108452,0.034169,0.029939,0.19786,1.28768,7.7884,5.054079,0.999989,-0.198964,0.580195,3.669201,-0.177677,0.19409,3.158224,0.362512,TPMS,OCTO Generator,quadratic,TPMS|OCTO Generator|9
TPMS,OCTO Generator_0.22.stl,,,,,,10.04,215336,1,1,4,0.21726,35.7044,7.7571,0.857,-10.88294,12.86801,-1.64188,4.52627,192.5704,27.8684,0.5182,0.1591,4000,0.05182,,0.33341,0.33333,0.33327,1.00043,0.00014,0.33327,0.33333,0.3334,6e-05,0.924,31.3,OK,OCTO Generator_0.22,0.094036,0.096474,0.267146,0.06147,0.812117,0.123364,0.039284,0.034141,0.21726,1.28914,7.7881,4.60278,0.999995,-0.211661,0.583497,3.592614,-0.18086,0.21385,3.200269,0.401975,TPMS,OCTO Generator,quadratic,TPMS|OCTO Generator|10
TPMS,OCTO Generator_0.24.stl,,,,,,10.036,215176,1,1,4,0.23721,32.7779,7.7751,0.848,-10.99232,13.52683,-1.72838,4.47604,196.2186,28.9394,0.5658,0.1681,4000,0.05658,,0.33336,0.33333,0.33331,1.00016,5e-05,0.33335,0.33334,0.33331,2e-05,0.915,32.0,OK,OCTO Generator_0.24,0.105829,0.108519,0.267772,0.059318,0.817602,0.138751,0.044555,0.038507,0.23721,1.28613,7.8033,4.215674,0.999981,-0.222293,0.575678,3.721992,-0.181828,0.223752,3.245727,0.439923,TPMS,OCTO Generator,quadratic,TPMS|OCTO Generator|11
TPMS,OCTO Generator_0.26.stl,,,,,,10.052,215096,1,1,4,0.25605,30.2217,7.7383,0.841,-11.24509,13.67014,-1.81444,4.38808,197.476,28.4079,0.6198,0.1741,4000,0.06198,,0.3334,0.33332,0.33328,1.00038,0.00013,0.33328,0.3334,0.33332,5e-05,0.908,32.1,OK,OCTO Generator_0.26,0.118456,0.121421,0.268255,0.057517,0.822312,0.155217,0.050185,0.043184,0.25605,1.29228,7.7785,3.905487,1.000004,-0.234476,0.567062,3.671094,-0.187791,0.228289,3.29782,0.479618,TPMS,OCTO Generator,quadratic,TPMS|OCTO Generator|12
TPMS,OCTO Generator_0.28.stl,,,,,,10.057,214960,1,1,4,0.27484,28.1705,7.7424,0.83,-11.3237,14.05853,-1.90528,4.36665,209.2686,28.3315,0.6673,0.1807,4000,0.06673,,0.3334,0.33331,0.33329,1.00032,0.00011,0.33332,0.33339,0.33329,4e-05,0.898,31.7,OK,OCTO Generator_0.28,0.130876,0.134116,0.268592,0.055819,0.826886,0.171332,0.055711,0.047803,0.27484,1.29159,7.7865,3.638481,1.000003,-0.246085,0.563993,3.659275,-0.188903,0.234526,3.491042,0.516649,TPMS,OCTO Generator,quadratic,TPMS|OCTO Generator|13
TPMS,OCTO Generator_0.30.stl,,,,,,10.098,214336,1,1,4,0.29125,26.3205,7.6659,0.822,-11.38609,14.08968,-2.01668,4.22496,221.346,29.0467,0.723,0.1913,4000,0.0723,,0.33337,0.33333,0.3333,1.00021,7e-05,0.33337,0.33333,0.3333,3e-05,0.887,30.5,OK,OCTO Generator_0.30,0.144359,0.14791,0.268792,0.054369,0.830661,0.188847,0.061678,0.052817,0.29125,1.30449,7.741,3.433476,1.000007,-0.263073,0.551141,3.789106,-0.193756,0.239762,3.766618,0.554241,TPMS,OCTO Generator,quadratic,TPMS|OCTO Generator|14
TPMS,P Generator_0.10.stl,,,,,,10.015,159888,1,1,-8,0.0994,51.4033,5.1096,0.883,-9.81382,11.25658,-0.25366,6.022,39.9337,11.4732,0.4168,0.0558,4000,0.04168,,0.33333,0.33333,0.33333,1.0,0.0,0.33333,0.33333,0.33333,0.0,0.948,20.6,OK,P Generator_0.10,0.031074,0.030291,0.333581,0.206182,3.247416,0.038775,0.027292,0.018644,0.0994,1.95714,5.1172,10.060362,1.000022,-0.049645,1.178592,2.24547,-0.37591,0.431173,1.529624,0.212963,TPMS,P Generator,quadratic,TPMS|P Generator|4
TPMS,P Generator_0.12.stl,,,,,,10.014,161280,1,1,-8,0.11941,43.4968,5.1941,0.875,-9.98447,10.89168,-0.2956,5.91533,43.3253,11.838,0.4985,0.0673,4000,0.04985,,0.33334,0.33333,0.33333,1.00004,1e-05,0.33333,0.33333,0.33334,1e-05,0.937,21.4,OK,P Generator_0.12,0.03842,0.037553,0.330017,0.203266,3.096835,0.047438,0.032783,0.022692,0.11941,1.92532,5.2012,8.374508,1.000028,-0.056912,1.138888,2.279189,-0.370108,0.403737,1.606,0.258919,TPMS,P Generator,quadratic,TPMS|P Generator|5
TPMS,P Generator_0.14.stl,,,,,,10.014,162480,1,1,-8,0.13884,37.967,5.2715,0.866,-10.03802,11.64276,-0.35139,5.82845,45.3838,11.4924,0.5794,0.0777,4000,0.05794,,0.33333,0.33333,0.33333,1.0,0.0,0.33333,0.33333,0.33333,0.0,0.925,21.4,OK,P Generator_0.14,0.046009,0.045095,0.32635,0.200207,2.95639,0.056227,0.038125,0.026759,0.13884,1.89705,5.2787,7.202535,1.000031,-0.06666,1.105687,2.180167,-0.361249,0.419,1.633274,0.305421,TPMS,P Generator,quadratic,TPMS|P Generator|6
TPMS,P Generator_0.16.stl,,,,,,10.013,164784,1,1,-8,0.15937,33.5673,5.3497,0.851,-9.80377,11.56961,-0.41027,6.0911,43.3966,11.5762,0.6611,0.0871,4000,0.06611,,0.33333,0.33333,0.33333,1.0,0.0,0.33333,0.33333,0.33333,0.0,0.916,21.5,OK,P Generator_0.16,0.054543,0.053624,0.322295,0.196562,2.81044,0.065952,0.043754,0.031193,0.15937,1.86929,5.3566,6.274707,1.000015,-0.076691,1.138604,2.163929,-0.342568,0.404271,1.516386,0.353663,TPMS,P Generator,quadratic,TPMS|P Generator|7
TPMS,P Generator_0.18.stl,,,,,,10.016,166128,1,1,-8,0.17931,30.2813,5.4298,0.844,-9.94913,11.92723,-0.46874,6.15712,41.6053,11.9307,0.7392,0.0977,4000,0.07392,,0.33333,0.33333,0.33333,1.00001,0.0,0.33333,0.33333,0.33333,0.0,0.905,21.3,OK,P Generator_0.18,0.063333,0.062457,0.318236,0.192602,2.674158,0.075832,0.049187,0.035626,0.17931,1.84171,5.4384,5.576934,1.000011,-0.086328,1.133962,2.197288,-0.337464,0.404559,1.411207,0.401366,TPMS,P Generator,quadratic,TPMS|P Generator|8
TPMS,P Generator_0.20.stl,,,,,,10.017,167040,1,1,-8,0.19865,27.6818,5.4989,0.833,-10.05119,11.43797,-0.52255,6.12461,47.1469,11.7484,0.8091,0.1092,4000,0.08091,,0.33334,0.33333,0.33333,1.00001,0.0,0.33333,0.33333,0.33334,0.0,0.894,22.2,OK,P Generator_0.20,0.07232,0.071536,0.314242,0.188464,2.549971,0.085828,0.054419,0.040045,0.19865,1.81852,5.5083,5.033979,0.999984,-0.095027,1.11377,2.136465,-0.332393,0.378254,1.559148,0.444923,TPMS,P Generator,quadratic,TPMS|P Generator|9
TPMS,P Generator_0.22.stl,,,,,,10.017,168144,1,1,-8,0.21861,25.4912,5.5727,0.827,-10.21407,12.03088,-0.56516,6.0824,52.1093,12.3319,0.881,0.1234,4000,0.0881,,0.33333,0.33333,0.33333,1.00001,0.0,0.33333,0.33333,0.33333,0.0,0.883,21.5,OK,P Generator_0.22,0.082146,0.081511,0.31014,0.183636,2.426639,0.096687,0.059815,0.044738,0.21861,1.79448,5.5821,4.574356,1.000012,-0.101417,1.091477,2.21294,-0.328911,0.387415,1.67801,0.490949,TPMS,P Generator,quadratic,TPMS|P Generator|10
TPMS,P Generator_0.24.stl,,,,,,10.016,169616,1,1,-8,0.23864,23.659,5.646,0.814,-10.18276,11.24017,-0.64381,6.13656,51.7118,11.934,0.9569,0.1401,4000,0.09569,,0.33333,0.33333,0.33333,1.00001,0.0,0.33333,0.33333,0.33333,0.0,0.873,21.9,OK,P Generator_0.24,0.092563,0.092129,0.306122,0.178458,2.313052,0.108163,0.065271,0.049607,0.23864,1.77117,5.655,4.190412,1.000003,-0.11403,1.086889,2.113715,-0.319438,0.352609,1.622222,0.540264,TPMS,P Generator,quadratic,TPMS|P Generator|11
TPMS,P Generator_0.26.stl,,,,,,10.015,171312,1,1,-8,0.25874,22.0986,5.7178,0.801,-10.06988,11.56356,-0.70062,6.07865,47.7836,12.0889,1.025,0.1636,4000,0.1025,,0.33334,0.33333,0.33333,1.00002,1e-05,0.33333,0.33333,0.33334,0.0,0.864,21.7,OK,P Generator_0.26,0.103549,0.103378,0.302158,0.172901,2.204382,0.120264,0.070717,0.054611,0.25874,1.74893,5.7264,3.864884,1.000001,-0.122533,1.063111,2.11426,-0.308012,0.3537,1.461579,0.586074,TPMS,P Generator,quadratic,TPMS|P Generator|12
TPMS,P Generator_0.28.stl,,,,,,10.015,171984,1,1,-8,0.27883,20.7791,5.7938,0.795,-10.19225,11.3716,-0.75432,6.03611,56.3295,12.3704,1.0966,0.1835,4000,0.10966,,0.33333,0.33333,0.33333,1.0,0.0,0.33333,0.33333,0.33333,0.0,0.853,22.2,OK,P Generator_0.28,0.115125,0.115273,0.298331,0.167009,2.105651,0.133007,0.076216,0.059791,0.27883,1.72597,5.8025,3.586415,0.999994,-0.130194,1.041816,2.135097,-0.303625,0.338758,1.678044,0.635352,TPMS,P Generator,quadratic,TPMS|P Generator|13
TPMS,P Generator_0.30.stl,,,,,,10.012,173088,1,1,-8,0.29904,19.6049,5.8626,0.784,-10.23104,11.03669,-0.82918,6.07682,58.737,12.6553,1.1646,0.2051,4000,0.11646,,0.33334,0.33334,0.33333,1.00002,1e-05,0.33334,0.33334,0.33333,0.0,0.84,22.6,OK,P Generator_0.30,0.12736,0.127878,0.294731,0.160629,2.012687,0.146568,0.081848,0.065131,0.29904,1.70571,5.8697,3.344034,0.999992,-0.141434,1.036531,2.158632,-0.297668,0.321108,1.708929,0.682764,TPMS,P Generator,quadratic,TPMS|P Generator|14
TPMS,P+C(P) Generator_0.10.stl,,,,,,10.017,229216,1,1,-32,0.09912,78.9998,7.8305,0.894,-37.71869,51.93119,-0.51845,13.52605,213.7609,27.8799,0.2742,0.0504,4000,0.02742,,0.33335,0.33334,0.33331,1.00013,4e-05,0.33332,0.33333,0.33335,1e-05,0.98,32.5,OK,P+C(P) Generator_0.10,0.018496,0.019631,0.224835,0.102252,1.380623,0.019501,0.007054,0.008592,0.09912,1.27706,7.8438,10.088781,1.000005,-0.066209,1.727363,3.560442,-0.615151,0.846942,3.486211,0.214711,TPMS,P+C(P) Generator,quadratic,TPMS|P+C(P) Generator|4
TPMS,P+C(P) Generator_0.12.stl,,,,,,10.015,229552,1,1,-32,0.11889,66.3728,7.8911,0.885,-37.78882,51.55863,-0.65924,13.52983,215.5255,27.5354,0.3259,0.0619,4000,0.03259,,0.33335,0.33334,0.33331,1.00013,4e-05,0.33334,0.33335,0.33331,2e-05,0.974,32.9,OK,P+C(P) Generator_0.12,0.023909,0.025276,0.229675,0.086504,1.31681,0.025732,0.009246,0.010854,0.11889,1.26726,7.9029,8.411136,1.000005,-0.083543,1.714577,3.489442,-0.606865,0.828,3.461208,0.25717,TPMS,P+C(P) Generator,quadratic,TPMS|P+C(P) Generator|5
TPMS,P+C(P) Generator_0.14.stl,,,,,,10.018,229584,1,1,-32,0.13905,57.1166,7.9419,0.879,-37.86168,52.63798,-0.79146,13.49988,230.5692,27.6816,0.3831,0.0722,4000,0.03831,,0.33337,0.33335,0.33329,1.00024,8e-05,0.33334,0.3333,0.33336,3e-05,0.966,33.6,OK,P+C(P) Generator_0.14,0.029981,0.03161,0.23298,0.072255,1.259714,0.032826,0.011654,0.013335,0.13905,1.25912,7.9564,7.191658,0.999979,-0.099654,1.699795,3.485442,-0.600251,0.834512,3.655398,0.30426,TPMS,P+C(P) Generator,quadratic,TPMS|P+C(P) Generator|6
TPMS,P+C(P) Generator_0.16.stl,,,,,,10.015,231440,1,1,-32,0.15899,50.315,7.9997,0.869,-38.3561,51.67723,-0.92077,13.58968,239.6627,29.1111,0.4359,0.0815,4000,0.04359,,0.33337,0.33335,0.33327,1.0003,0.0001,0.33337,0.33336,0.33328,4e-05,0.959,34.1,OK,P+C(P) Generator_0.16,0.036492,0.038397,0.235512,0.059454,1.209881,0.040557,0.014211,0.015938,0.15899,1.25007,8.0116,6.289704,1.000015,-0.115102,1.698799,3.639078,-0.599377,0.807541,3.745121,0.348702,TPMS,P+C(P) Generator,quadratic,TPMS|P+C(P) Generator|7
TPMS,P+C(P) Generator_0.18.stl,,,,,,10.015,231952,1,1,-32,0.17899,44.982,8.0513,0.859,-38.52695,52.2273,-1.06395,13.37025,250.3433,29.9313,0.4867,0.0928,4000,0.04867,,0.33335,0.33335,0.3333,1.00015,5e-05,0.33335,0.33335,0.3333,2e-05,0.951,34.9,OK,P+C(P) Generator_0.18,0.043551,0.045754,0.237407,0.047784,1.165581,0.049044,0.016939,0.01871,0.17899,1.24203,8.0634,5.586904,0.999996,-0.132146,1.660627,3.717561,-0.594333,0.80568,3.861899,0.391858,TPMS,P+C(P) Generator,quadratic,TPMS|P+C(P) Generator|8
TPMS,P+C(P) Generator_0.20.stl,,,,,,10.016,232560,1,1,-32,0.19845,40.7638,8.0895,0.851,-38.37466,50.28833,-1.18478,13.38175,270.3672,30.6307,0.5429,0.1042,4000,0.05429,,0.33334,0.33334,0.33333,1.00002,1e-05,0.33334,0.33334,0.33333,0.0,0.94,34.9,OK,P+C(P) Generator_0.20,0.050941,0.053456,0.238834,0.037457,1.127404,0.058022,0.019754,0.021572,0.19845,1.23616,8.1025,5.039053,0.999991,-0.146458,1.654197,3.786441,-0.586399,0.76845,4.13145,0.439183,TPMS,P+C(P) Generator,quadratic,TPMS|P+C(P) Generator|9
TPMS,P+C(P) Generator_0.22.stl,,,,,,10.016,230784,1,1,-32,0.21846,37.2016,8.127,0.848,-38.83996,50.783,-1.31684,13.42857,296.8322,32.2573,0.5932,0.1148,4000,0.05932,,0.33335,0.33334,0.33331,1.00014,5e-05,0.33331,0.33335,0.33335,2e-05,0.936,33.6,OK,P+C(P) Generator_0.22,0.059135,0.061991,0.240105,0.027874,1.093391,0.068057,0.022857,0.024711,0.21846,1.23046,8.14,4.577497,0.999992,-0.162032,1.652328,3.969122,-0.588047,0.768867,4.494112,0.482097,TPMS,P+C(P) Generator,quadratic,TPMS|P+C(P) Generator|10
TPMS,P+C(P) Generator_0.24.stl,,,,,,10.017,233152,1,1,-32,0.23876,34.1948,8.1643,0.838,-38.89234,50.58537,-1.48864,13.3684,330.4043,33.8797,0.639,0.1252,4000,0.0639,,0.33339,0.33333,0.33329,1.0003,0.0001,0.33339,0.33332,0.3333,4e-05,0.926,33.5,OK,P+C(P) Generator_0.24,0.067901,0.071113,0.241293,0.019465,1.06465,0.078868,0.026186,0.028044,0.23876,1.22484,8.1782,4.188306,0.999994,-0.182334,1.637411,4.149712,-0.583473,0.758895,4.956812,0.521702,TPMS,P+C(P) Generator,quadratic,TPMS|P+C(P) Generator|11
TPMS,P+C(P) Generator_0.26.stl,,,,,,10.016,233520,1,1,-32,0.25864,31.6539,8.187,0.821,-39.1445,49.57061,-1.6729,13.40607,364.2228,35.2267,0.6965,0.1361,4000,0.06965,,0.33333,0.33333,0.33333,1.00001,0.0,0.33333,0.33333,0.33333,0.0,0.916,33.4,OK,P+C(P) Generator_0.26,0.076427,0.08001,0.241788,0.012522,1.040788,0.089397,0.029305,0.031271,0.25864,1.22145,8.2001,3.866378,1.000004,-0.204337,1.63749,4.302779,-0.584016,0.739569,5.434021,0.570222,TPMS,P+C(P) Generator,quadratic,TPMS|P+C(P) Generator|12
TPMS,P+C(P) Generator_0.28.stl,,,,,,10.036,231664,1,1,-32,0.27681,29.4711,8.158,0.82,-39.18632,47.62346,-1.80552,13.41471,378.15,36.3255,0.7462,0.1454,4000,0.07462,,0.33334,0.33333,0.33333,1.00001,0.0,0.33333,0.33333,0.33333,0.0,0.91,35.9,OK,P+C(P) Generator_0.28,0.085988,0.089919,0.243169,0.00599,1.019313,0.101397,0.033013,0.034853,0.27681,1.22581,8.1872,3.612586,1.000013,-0.221322,1.644384,4.452803,-0.588814,0.715591,5.682087,0.608742,TPMS,P+C(P) Generator,quadratic,TPMS|P+C(P) Generator|13
TPMS,P+C(P) Generator_0.30.stl,,,,,,10.092,230320,1,1,-32,0.29122,27.6123,8.0413,0.815,-39.11585,46.84729,-1.93792,13.217,417.3539,37.1896,0.798,0.1573,4000,0.0798,,0.33343,0.33332,0.33326,1.00051,0.00017,0.33328,0.3334,0.33333,5e-05,0.899,34.2,OK,P+C(P) Generator_0.30,0.095917,0.100203,0.244393,0.000528,1.002045,0.113863,0.036883,0.038568,0.29122,1.24359,8.1152,3.43383,1.000006,-0.240997,1.643649,4.624851,-0.60493,0.724498,6.454415,0.641692,TPMS,P+C(P) Generator,quadratic,TPMS|P+C(P) Generator|14
TPMS,Q star Generator_0.10.stl,,,,,,10.012,219652,1,1,-6,0.09954,72.202,7.1867,0.888,-11.27017,9.1157,-0.65444,6.63184,86.0073,20.9429,0.2078,0.1593,4000,0.02078,,0.4338,0.38883,0.17737,2.44567,0.25642,0.30562,0.30556,0.38883,0.03924,0.966,36.4,OK,Q star Generator_0.10,0.027299,0.027141,0.307554,0.305792,1.114033,0.042668,0.01911,0.013122,0.09954,1.3914,7.1956,10.046213,0.99996,-0.091059,0.922757,2.914003,-0.218191,0.17648,1.665105,0.149346,TPMS,Q star Generator,quadratic,TPMS|Q star Generator|4
TPMS,Q star Generator_0.12.stl,,,,,,10.012,219616,1,1,-6,0.11978,60.1742,7.2079,0.881,-11.36693,9.18712,-0.69908,6.61273,87.2741,20.8444,0.2548,0.1766,4000,0.02548,,0.43272,0.39053,0.17675,2.44819,0.25597,0.30475,0.30473,0.39053,0.04044,0.959,36.5,OK,Q star Generator_0.12,0.034744,0.034654,0.303379,0.287345,1.105883,0.053383,0.023474,0.016538,0.11978,1.38741,7.2163,8.348639,1.000033,-0.096991,0.917458,2.891977,-0.218803,0.176844,1.679949,0.183651,TPMS,Q star Generator,quadratic,TPMS|Q star Generator|5
TPMS,Q star Generator_0.14.stl,,,,,,10.014,219366,1,1,-6,0.13947,51.8446,7.2306,0.874,-11.45687,9.26783,-0.74285,6.65927,86.7178,20.6873,0.3016,0.1952,4000,0.03016,,0.43169,0.39207,0.17624,2.44944,0.25545,0.30399,0.30394,0.39207,0.04154,0.951,36.4,OK,Q star Generator_0.14,0.042423,0.042425,0.299931,0.272467,1.099077,0.064287,0.027822,0.020039,0.13947,1.38298,7.2409,7.170001,0.999977,-0.102735,0.920963,2.861011,-0.219128,0.177259,1.658592,0.21808,TPMS,Q star Generator,quadratic,TPMS|Q star Generator|6
TPMS,Q star Generator_0.16.stl,,,,,,10.013,219112,1,1,-6,0.15877,45.7129,7.2577,0.867,-11.54227,9.37169,-0.78785,6.68173,86.9986,20.9059,0.3482,0.2112,4000,0.03482,,0.43071,0.39348,0.17581,2.44985,0.2549,0.30331,0.30321,0.39348,0.04253,0.944,36.7,OK,Q star Generator_0.16,0.050266,0.050383,0.29699,0.260104,1.094221,0.075292,0.032136,0.023611,0.15877,1.37782,7.2673,6.298419,0.999981,-0.108552,0.920623,2.880459,-0.219117,0.177911,1.651573,0.252718,TPMS,Q star Generator,quadratic,TPMS|Q star Generator|7
TPMS,Q star Generator_0.18.stl,,,,,,10.012,219020,1,1,-6,0.17918,40.6587,7.2853,0.86,-11.64642,9.52965,-0.83844,6.6905,88.8782,20.9837,0.3991,0.2281,4000,0.03991,,0.4298,0.39484,0.17536,2.45087,0.25443,0.30258,0.30258,0.39484,0.04349,0.936,37.3,OK,Q star Generator_0.18,0.059035,0.059299,0.294221,0.248561,1.089741,0.087458,0.03683,0.027586,0.17918,1.37264,7.294,5.58098,1.00001,-0.115088,0.918365,2.880309,-0.219435,0.179552,1.674593,0.290753,TPMS,Q star Generator,quadratic,TPMS|Q star Generator|8
TPMS,Q star Generator_0.20.stl,,,,,,10.013,218920,1,1,-6,0.19922,36.7115,7.3137,0.852,-11.73576,9.62659,-0.88596,6.73173,88.1927,20.8731,0.4498,0.2386,4000,0.04498,,0.42898,0.39606,0.17496,2.45195,0.25403,0.30194,0.302,0.39606,0.04435,0.929,36.6,OK,Q star Generator_0.20,0.068056,0.068488,0.291799,0.238357,1.086194,0.099831,0.04154,0.031657,0.19922,1.3673,7.3232,5.019576,1.000005,-0.121138,0.920432,2.853986,-0.219402,0.179971,1.648779,0.328969,TPMS,Q star Generator,quadratic,TPMS|Q star Generator|9
TPMS,Q star Generator_0.22.stl,,,,,,10.011,218864,1,1,-6,0.21952,33.4341,7.3396,0.844,-11.83823,9.89582,-0.93847,6.76993,89.0741,21.1519,0.5026,0.253,4000,0.05026,,0.4282,0.39719,0.1746,2.45244,0.2536,0.30145,0.30135,0.39719,0.04516,0.921,34.9,OK,Q star Generator_0.22,0.077676,0.078306,0.289543,0.228838,1.083766,0.112885,0.046455,0.035997,0.21952,1.3625,7.3475,4.555394,1.00002,-0.127866,0.922402,2.881945,-0.219765,0.183706,1.653575,0.368881,TPMS,Q star Generator,quadratic,TPMS|Q star Generator|10
TPMS,Q star Generator_0.24.stl,,,,,,10.011,218816,1,1,-6,0.23895,30.8409,7.3694,0.837,-11.93536,10.09626,-0.98867,6.82002,91.2314,21.3947,0.5473,0.2662,4000,0.05473,,0.42758,0.39815,0.17427,2.45351,0.25331,0.30092,0.30093,0.39815,0.04583,0.913,34.8,OK,Q star Generator_0.24,0.087186,0.088027,0.287568,0.220519,1.081764,0.125652,0.051203,0.040268,0.23895,1.35696,7.3775,4.184976,0.999996,-0.134158,0.925447,2.903168,-0.219769,0.185906,1.679872,0.403329,TPMS,Q star Generator,quadratic,TPMS|Q star Generator|11
TPMS,Q star Generator_0.26.stl,,,,,,10.015,218508,1,1,-6,0.25866,28.5897,7.3949,0.83,-12.04997,10.28658,-1.04208,6.81561,92.2703,21.3302,0.6027,0.2799,4000,0.06027,,0.42693,0.3991,0.17397,2.45407,0.25296,0.30048,0.30041,0.3991,0.04651,0.906,34.4,OK,Q star Generator_0.26,0.09741,0.098495,0.285678,0.212368,1.080622,0.139208,0.056221,0.044839,0.25866,1.35226,7.4061,3.866079,0.999985,-0.140917,0.92165,2.884404,-0.220348,0.188102,1.687268,0.445697,TPMS,Q star Generator,quadratic,TPMS|Q star Generator|12
TPMS,Q star Generator_0.28.stl,,,,,,10.012,218324,1,1,-6,0.27907,26.6136,7.427,0.821,-12.15261,10.35768,-1.09858,6.87236,93.4059,21.6959,0.6544,0.2992,4000,0.06544,,0.42634,0.39997,0.1737,2.45451,0.25264,0.30004,0.29999,0.39997,0.04712,0.897,34.5,OK,Q star Generator_0.28,0.107973,0.109339,0.283756,0.205096,1.079691,0.153118,0.061292,0.049572,0.27907,1.34643,7.436,3.58333,0.999992,-0.147916,0.925314,2.921197,-0.220311,0.187771,1.693327,0.486027,TPMS,Q star Generator,quadratic,TPMS|Q star Generator|13
TPMS,Q star Generator_0.30.stl,,,,,,10.011,218128,1,1,-6,0.29833,24.9855,7.4539,0.813,-12.26799,10.73895,-1.15273,6.90876,93.5116,21.8394,0.7048,0.3097,4000,0.07048,,0.42583,0.40071,0.17346,2.455,0.25238,0.29964,0.29965,0.40071,0.04764,0.889,33.6,OK,Q star Generator_0.30,0.118782,0.120435,0.282157,0.197882,1.078748,0.167223,0.066425,0.054368,0.29833,1.34158,7.4621,3.351993,0.999997,-0.154647,0.926862,2.92992,-0.220802,0.193282,1.683044,0.525353,TPMS,Q star Generator,quadratic,TPMS|Q star Generator|14
TPMS,Slotted-P Generator_0.10.stl,,,,,,10.012,262664,1,1,-40,0.09905,92.4648,9.1584,0.902,-27.34827,26.53438,-0.3748,10.761,181.5457,23.4485,0.2231,0.0336,4000,0.02231,,0.33334,0.33334,0.33333,1.00004,1e-05,0.33334,0.33333,0.33334,1e-05,0.948,39.4,OK,Slotted-P Generator_0.10,0.028586,0.028264,0.314826,0.01276,1.056602,0.03975,0.018716,0.011112,0.09905,1.09187,9.1696,10.095911,0.999974,-0.040923,1.174956,2.56026,-0.326038,0.316335,2.164333,0.204329,TPMS,Slotted-P Generator,quadratic,TPMS|Slotted-P Generator|4
TPMS,Slotted-P Generator_0.12.stl,,,,,,10.011,263292,1,1,-40,0.11927,77.4002,9.2317,0.897,-27.49338,26.32713,-0.44868,10.7944,182.6253,23.6507,0.2677,0.0393,4000,0.02677,,0.33335,0.33333,0.33332,1.00007,2e-05,0.33334,0.33334,0.33333,0.0,0.941,38.9,OK,Slotted-P Generator_0.12,0.035589,0.035167,0.315575,0.009904,1.04362,0.049741,0.023373,0.013759,0.11927,1.08325,9.2416,8.384338,1.000019,-0.048603,1.169298,2.56195,-0.322613,0.308928,2.142961,0.247128,TPMS,Slotted-P Generator,quadratic,TPMS|Slotted-P Generator|5
TPMS,Slotted-P Generator_0.14.stl,,,,,,10.011,263848,1,1,-40,0.13955,66.6432,9.3001,0.891,-27.34982,26.10215,-0.532,10.83881,183.8806,23.94,0.3125,0.0456,4000,0.03125,,0.33335,0.33333,0.33332,1.00009,3e-05,0.33335,0.33333,0.33332,1e-05,0.932,39.1,OK,Slotted-P Generator_0.14,0.042914,0.042419,0.315199,0.006658,1.029052,0.060086,0.028012,0.016503,0.13955,1.07526,9.3103,7.16589,1.000004,-0.057204,1.165456,2.574177,-0.316215,0.30179,2.126006,0.290627,TPMS,Slotted-P Generator,quadratic,TPMS|Slotted-P Generator|6
TPMS,Slotted-P Generator_0.16.stl,,,,,,10.011,264724,1,1,-40,0.15906,58.8694,9.3637,0.885,-27.39392,26.53154,-0.61202,10.90033,193.7547,23.5654,0.3545,0.0515,4000,0.03545,,0.33334,0.33334,0.33333,1.00004,1e-05,0.33333,0.33334,0.33334,1e-05,0.927,38.8,OK,Slotted-P Generator_0.16,0.050389,0.049852,0.313991,0.003652,1.015826,0.070472,0.032486,0.019294,0.15906,1.06795,9.374,6.286936,0.999993,-0.06536,1.164097,2.516658,-0.31243,0.302595,2.20979,0.331946,TPMS,Slotted-P Generator,quadratic,TPMS|Slotted-P Generator|7
TPMS,Slotted-P Generator_0.18.stl,,,,,,10.01,266984,1,1,-40,0.17945,52.5536,9.4307,0.879,-27.46609,26.70603,-0.69241,10.84907,190.1386,24.0587,0.3992,0.0578,4000,0.03992,,0.33334,0.33334,0.33333,1.00004,1e-05,0.33333,0.33334,0.33334,1e-05,0.92,40.0,OK,Slotted-P Generator_0.18,0.058563,0.058023,0.312105,0.000687,1.002763,0.081656,0.037095,0.022342,0.17945,1.06036,9.4402,5.572583,0.999995,-0.073421,1.150394,2.551093,-0.30882,0.300274,2.137856,0.376475,TPMS,Slotted-P Generator,quadratic,TPMS|Slotted-P Generator|8
TPMS,Slotted-P Generator_0.20.stl,,,,,,10.008,268424,1,1,-40,0.19949,47.5847,9.4926,0.869,-27.56102,26.69036,-0.7727,10.95166,184.6222,24.2577,0.4428,0.062,4000,0.04428,,0.33334,0.33333,0.33333,1.00003,1e-05,0.33334,0.33333,0.33333,0.0,0.917,40.1,OK,Slotted-P Generator_0.20,0.06703,0.066525,0.309856,0.00229,0.990346,0.09307,0.041596,0.025488,0.19949,1.05344,9.5003,5.012783,0.999992,-0.0814,1.153696,2.555413,-0.305857,0.296195,2.048835,0.420336,TPMS,Slotted-P Generator,quadratic,TPMS|Slotted-P Generator|9
TPMS,Slotted-P Generator_0.22.stl,,,,,,10.012,268168,1,1,-40,0.21937,43.4992,9.5424,0.865,-27.59636,26.56957,-0.85098,10.90017,189.9532,24.3992,0.4893,0.0706,4000,0.04893,,0.33334,0.33333,0.33332,1.00007,2e-05,0.33334,0.33332,0.33333,1e-05,0.909,40.9,OK,Slotted-P Generator_0.22,0.075966,0.075543,0.307277,0.004914,0.980017,0.104907,0.046088,0.028822,0.21937,1.04795,9.5539,4.558508,0.999998,-0.089179,1.142286,2.55692,-0.303064,0.291788,2.086073,0.466911,TPMS,Slotted-P Generator,quadratic,TPMS|Slotted-P Generator|10
TPMS,Slotted-P Generator_0.24.stl,,,,,,10.011,268896,1,1,-40,0.23909,40.1363,9.596,0.859,-27.6857,27.12316,-0.93702,11.0433,192.8131,24.1367,0.531,0.0755,4000,0.0531,,0.33335,0.33333,0.33332,1.00009,3e-05,0.33333,0.33334,0.33333,0.0,0.901,40.5,OK,Slotted-P Generator_0.24,0.085196,0.084899,0.304558,0.007193,0.971007,0.116971,0.050499,0.032272,0.23909,1.04208,9.6067,4.182525,0.99998,-0.097645,1.150801,2.515238,-0.300648,0.294539,2.093819,0.509558,TPMS,Slotted-P Generator,quadratic,TPMS|Slotted-P Generator|11
TPMS,Slotted-P Generator_0.26.stl,,,,,,10.011,271092,1,1,-40,0.25955,37.1687,9.6471,0.852,-27.99321,26.8178,-1.03135,11.02715,199.3321,25.2282,0.5778,0.081,4000,0.05778,,0.33334,0.33333,0.33333,1.00004,1e-05,0.33334,0.33333,0.33333,1e-05,0.897,41.2,OK,Slotted-P Generator_0.26,0.094965,0.094849,0.301589,0.009721,0.961976,0.129559,0.054881,0.035919,0.25955,1.03658,9.6577,3.852822,0.999996,-0.106907,1.143049,2.615097,-0.300785,0.288155,2.141807,0.557412,TPMS,Slotted-P Generator,quadratic,TPMS|Slotted-P Generator|12
TPMS,Slotted-P Generator_0.28.stl,,,,,,10.012,270072,1,1,-40,0.27929,34.7058,9.693,0.848,-27.9732,26.77484,-1.12211,11.09101,200.8525,25.4094,0.621,0.0864,4000,0.0621,,0.33334,0.33334,0.33332,1.00007,2e-05,0.33334,0.33334,0.33332,1e-05,0.89,40.0,OK,Slotted-P Generator_0.28,0.105187,0.105303,0.29857,0.011361,0.956367,0.142485,0.059293,0.039781,0.27929,1.03167,9.7047,3.580508,1.000002,-0.115765,1.144231,2.621422,-0.297733,0.284978,2.137777,0.601934,TPMS,Slotted-P Generator,quadratic,TPMS|Slotted-P Generator|13
TPMS,Slotted-P Generator_0.30.stl,,,,,,10.011,272288,1,1,-40,0.29919,32.5498,9.7386,0.838,-28.20776,27.48391,-1.21559,11.05673,204.98,25.6361,0.665,0.0956,4000,0.0665,,0.33334,0.33333,0.33333,1.00003,1e-05,0.33334,0.33333,0.33334,0.0,0.885,38.8,OK,Slotted-P Generator_0.30,0.115822,0.116198,0.295796,0.013046,0.950934,0.155953,0.063826,0.043803,0.29919,1.02684,9.7493,3.342358,1.000003,-0.124822,1.135354,2.632428,-0.297425,0.289793,2.161328,0.647615,TPMS,Slotted-P Generator,quadratic,TPMS|Slotted-P Generator|14
TPMS,Split-P Generator_0.12.stl,,,,,,10.014,315360,1,1,-64,0.11998,89.7091,10.7637,0.847,-40.2072,42.63926,-0.57827,13.42039,198.4076,32.6682,0.2255,0.0628,4000,0.02255,,0.33336,0.33335,0.33328,1.00025,8e-05,0.33336,0.33328,0.33336,4e-05,0.95,44.2,OK,Split-P Generator_0.12,0.039042,0.038614,0.314398,0.00065,1.002735,0.054827,0.025173,0.014868,0.11998,0.92908,10.7784,8.334722,1.000037,-0.053726,1.246866,3.035148,-0.347067,0.36806,1.712646,0.242712,TPMS,Split-P Generator,quadratic,TPMS|Split-P Generator|5
TPMS,Split-P Generator_0.14.stl,,,,,,10.016,315928,1,1,-64,0.13969,77.7082,10.8553,0.842,-40.32533,41.97545,-0.67929,13.44307,209.602,33.0892,0.2625,0.0736,4000,0.02625,,0.33336,0.33334,0.3333,1.00017,6e-05,0.3333,0.33336,0.33334,2e-05,0.944,43.7,OK,Split-P Generator_0.14,0.047035,0.046687,0.3097,0.000697,0.997246,0.06517,0.029201,0.017935,0.13969,0.92123,10.8724,7.158709,1.000022,-0.062578,1.238415,3.048275,-0.342226,0.35623,1.778816,0.284945,TPMS,Split-P Generator,quadratic,TPMS|Split-P Generator|6
TPMS,Split-P Generator_0.16.stl,,,,,,10.017,318128,1,1,-64,0.15861,68.9509,10.9365,0.838,-40.43987,42.10195,-0.7744,13.4317,211.4711,33.3541,0.2973,0.0811,4000,0.02973,,0.33337,0.33332,0.3333,1.00021,7e-05,0.33332,0.33331,0.33337,3e-05,0.938,45.3,OK,Split-P Generator_0.16,0.055106,0.054874,0.305493,0.001684,0.993223,0.075473,0.03309,0.021048,0.15861,0.91439,10.9548,6.304773,1.000018,-0.07081,1.228176,3.049852,-0.338118,0.352015,1.768113,0.325136,TPMS,Split-P Generator,quadratic,TPMS|Split-P Generator|7
TPMS,Split-P Generator_0.18.stl,,,,,,10.017,319796,1,1,-64,0.17902,61.5958,11.027,0.832,-40.63206,41.54172,-0.88219,13.40607,215.4831,33.1586,0.3331,0.0961,4000,0.03331,,0.33334,0.33334,0.33332,1.00007,2e-05,0.33332,0.33334,0.33333,1e-05,0.93,44.9,OK,Split-P Generator_0.18,0.063869,0.063817,0.301057,0.002856,0.98884,0.086444,0.037026,0.024433,0.17902,0.90687,11.0457,5.585968,1.000011,-0.080004,1.215763,3.00707,-0.334167,0.341648,1.77218,0.367305,TPMS,Split-P Generator,quadratic,TPMS|Split-P Generator|8
TPMS,Split-P Generator_0.20.stl,,,,,,10.015,321062,1,1,-64,0.19894,55.8776,11.1164,0.826,-40.8663,41.88717,-0.99176,13.25981,230.0578,33.6361,0.3731,0.1048,4000,0.03731,,0.33336,0.33333,0.33331,1.00016,5e-05,0.33334,0.33335,0.33331,2e-05,0.924,47.2,OK,Split-P Generator_0.20,0.07319,0.073331,0.297489,0.003146,0.987748,0.098123,0.041294,0.028066,0.19894,0.89958,11.133,5.026641,1.00001,-0.089217,1.192827,3.025839,-0.330709,0.33897,1.861732,0.414749,TPMS,Split-P Generator,quadratic,TPMS|Split-P Generator|9
TPMS,Split-P Generator_0.22.stl,,,,,,10.085,323602,1,1,-76,0.21481,51.3114,11.0224,0.833,-40.90641,42.01963,-1.07998,13.34425,237.6961,34.5991,0.4066,0.1168,4000,0.04066,,0.33335,0.33333,0.33332,1.00008,3e-05,0.33334,0.33334,0.33333,1e-05,0.916,45.1,OK,Split-P Generator_0.22,0.083022,0.083411,0.293938,0.00375,0.985634,0.110297,0.045576,0.031896,0.21481,0.90726,11.1159,4.655277,1.000018,-0.097982,1.21067,3.139037,-0.336709,0.345872,1.956525,0.448163,TPMS,Split-P Generator,quadratic,TPMS|Split-P Generator|10
TPMS,Split-P Generator_0.24.stl,,,,,,10.016,324760,1,1,-76,0.23899,47.2705,11.2971,0.812,-41.30511,41.70393,-1.20946,13.41206,243.015,33.6802,0.4443,0.126,4000,0.04443,,0.33335,0.33333,0.33332,1.00008,3e-05,0.33333,0.33334,0.33334,1e-05,0.908,43.9,OK,Split-P Generator_0.24,0.093038,0.093722,0.290508,0.004074,0.984407,0.122541,0.049761,0.035823,0.23899,0.88518,11.3152,4.184275,0.999993,-0.107059,1.187205,2.981294,-0.323641,0.326766,1.904115,0.501934,TPMS,Split-P Generator,quadratic,TPMS|Split-P Generator|11
TPMS,Split-P Generator_0.26.stl,,,,,,10.015,324944,1,1,-76,0.2586,43.9366,11.3622,0.807,-41.52978,41.03242,-1.32032,13.36216,275.2977,34.0257,0.4807,0.1402,4000,0.04807,,0.33335,0.33334,0.33331,1.00011,4e-05,0.33335,0.33333,0.33332,1e-05,0.901,46.5,OK,Split-P Generator_0.26,0.103342,0.10435,0.287442,0.004305,0.983966,0.135071,0.054015,0.039878,0.2586,0.88013,11.379,3.866976,1.000017,-0.116205,1.176039,2.994692,-0.321699,0.317846,2.132518,0.546172,TPMS,Split-P Generator,quadratic,TPMS|Split-P Generator|12
TPMS,Split-P Generator_0.28.stl,,,,,,10.015,324960,1,1,-76,0.27843,40.9693,11.4069,0.803,-41.83196,41.11039,-1.43291,13.35337,280.8864,34.9892,0.5138,0.1527,4000,0.05138,,0.33336,0.33334,0.3333,1.00017,6e-05,0.33336,0.33334,0.3333,2e-05,0.896,45.0,OK,Split-P Generator_0.28,0.126437,0.128229,0.281834,0.005323,0.980632,0.163126,0.063324,0.048934,0.27843,0.87665,11.4242,3.591567,0.999984,-0.125616,1.170621,3.067323,-0.321484,0.315938,2.158647,0.586096,TPMS,Split-P Generator,quadratic,TPMS|Split-P Generator|13
TPMS,Split-P Generator_0.30.stl,,,,,,10.017,326200,1,1,-76,0.29822,38.4035,11.4527,0.798,-42.18515,41.33231,-1.55574,13.40006,280.6986,35.3237,0.5513,0.1639,4000,0.05513,,0.33335,0.33333,0.33332,1.00007,2e-05,0.33333,0.33333,0.33333,0.0,0.89,45.0,OK,Split-P Generator_0.30,0.129838,0.132128,0.277471,0.005713,0.979397,0.165887,0.062961,0.050403,0.29822,0.87316,11.4721,3.353229,1.000001,-0.135841,1.170036,3.084314,-0.321621,0.315119,2.140056,0.631387,TPMS,Split-P Generator,quadratic,TPMS|Split-P Generator|14
